month,mean_kwh,total_kwh,records
2020-06,23.740937728937748,6481.276000000005,273
2020-07,26.636148883374677,32203.103999999985,1209
2020-08,27.6294805624483,33404.041999999994,1209
2020-09,26.152034188034186,30597.879999999997,1170
2020-10,24.105353184449953,29143.371999999992,1209
2020-11,27.85172649572649,32586.51999999999,1170
2020-12,29.303171215880887,35427.53399999999,1209
2021-01,33.79538957816376,40858.62599999998,1209
2021-02,34.92812271062271,38141.51,1092
2021-03,31.91331795610626,38583.201408932466,1209
2021-04,29.25078844461303,34223.422480197245,1170
2021-05,27.409842337451593,33138.499385978976,1209
2021-06,19.694375014428886,23042.418766881798,1170
2021-07,17.502095795941358,21160.0338172931,1209
2021-08,20.127871096156976,24334.596155253785,1209
2021-09,22.14396376068376,25908.4376,1170
2021-10,21.373517783291966,25840.582999999988,1209
2021-11,22.588457663817653,26428.495466666656,1170
2021-12,26.42856972704713,31952.14079999998,1209
2022-01,29.88906385442514,36135.87819999999,1209
2022-02,27.458867032967028,29985.082799999993,1092
2022-03,24.230388916459887,29294.540200000003,1209
2022-04,23.274401538461515,27231.04979999997,1170
2022-05,23.000574358974347,27807.694399999986,1209
2022-06,19.405238974358973,22704.1296,1170
2022-07,19.10414822167078,23096.915199999974,1209
2022-08,19.374349501973192,23423.58854788559,1209
2022-09,19.979049910946024,23375.48839580685,1170
2022-10,21.14204178627448,25560.728519605844,1209
2022-11,23.166846401865108,27105.210290182175,1170
2022-12,27.912458875909643,33746.16278097476,1209
2023-01,28.028977776085785,33887.03413128771,1209
2023-02,29.44593748449668,32154.963733070377,1092
2023-03,28.154132468115414,34038.346153951534,1209
2023-04,25.882238803418797,30282.219399999994,1170
2023-05,24.755724731182777,29929.67119999998,1209
2023-06,18.633321573347978,21800.986240817132,1170
2023-07,15.513263007773741,18755.534976398452,1209
2023-08,14.078642013120175,17021.078193862293,1209
2023-09,16.96522454212905,19849.312714290987,1170
2023-10,18.547580179172325,22424.02443661934,1209
2023-11,19.0798976982954,22323.48030700562,1170
2023-12,23.27521909809028,28139.739889591146,1209
2024-01,22.667380119318157,27404.86256425565,1209
2024-02,23.134858518861588,26165.524984832457,1131
2024-03,23.234131365813923,28090.064821269032,1209
2024-04,20.026081926783732,23430.515854336965,1170
2024-05,21.520341474571204,26018.092842756585,1209
2024-06,16.608566475926892,19432.022776834463,1170
2024-07,12.855536118152353,15542.343166846194,1209
2024-08,14.04261470243356,16977.521175242175,1209
2024-09,15.366787497587158,17979.141372176975,1170
2024-10,19.582438042419213,23675.16759328483,1209
2024-11,22.818393585984612,26697.520495601995,1170
2024-12,29.042911080634983,35112.879496487694,1209
2025-01,29.589161472535665,35773.29622029562,1209
2025-02,28.643648798353723,31278.864487802264,1092
2025-03,21.119587057920867,25533.58075302633,1209
2025-04,17.025431922292125,19919.755349081785,1170
2025-05,18.790492540009243,22717.705480871176,1209
2025-06,18.512677953165692,11551.911042775391,624
