timestamp,mean_kwh,total_kwh,records
2020-06-24,22.61071794871791,881.8179999999985,39
2020-06-25,24.958820512820573,973.3940000000024,39
2020-06-26,27.092051282051322,1056.5900000000015,39
2020-06-27,23.8011282051282,928.2439999999998,39
2020-06-28,23.372820512820336,911.5399999999931,39
2020-06-29,23.167333333333406,903.5260000000029,39
2020-06-30,21.18369230769249,826.164000000007,39
2020-07-01,33.62451282051268,1311.3559999999945,39
2020-07-02,23.167794871794957,903.5440000000033,39
2020-07-03,22.379076923076834,872.7839999999965,39
2020-07-04,25.396871794871753,990.4779999999984,39
2020-07-05,24.968205128205206,973.7600000000031,39
2020-07-06,23.39071794871775,912.2379999999922,39
2020-07-07,22.072666666666823,860.8340000000061,39
2020-07-08,23.283076923077008,908.0400000000034,39
2020-07-09,20.717948717948644,807.9999999999972,39
2020-07-10,38.49579487179479,1501.335999999997,39
2020-07-11,23.298871794871907,908.6560000000044,39
2020-07-12,18.71015384615378,729.6959999999974,39
2020-07-13,24.898205128205028,971.0299999999961,39
2020-07-14,20.379538461538672,794.8020000000082,39
2020-07-15,22.149999999999785,863.8499999999916,39
2020-07-16,29.314256410256448,1143.2560000000014,39
2020-07-17,26.6491794871795,1039.3180000000004,39
2020-07-18,26.635538461538534,1038.7860000000028,39
2020-07-19,30.955384615384634,1207.2600000000007,39
2020-07-20,25.83271794871785,1007.4759999999961,39
2020-07-21,27.833948717948836,1085.5240000000047,39
2020-07-22,29.23066666666664,1139.995999999999,39
2020-07-23,26.614769230769042,1037.9759999999926,39
2020-07-24,33.81661538461545,1318.8480000000027,39
2020-07-25,30.379230769230833,1184.7900000000025,39
2020-07-26,29.66384615384614,1156.8899999999994,39
2020-07-27,22.41251282051272,874.0879999999961,39
2020-07-28,32.31410256410268,1260.2500000000045,39
2020-07-29,25.97169230769204,1012.8959999999896,39
2020-07-30,25.497487179487397,994.4020000000085,39
2020-07-31,35.66523076923067,1390.943999999996,39
2020-08-01,33.48984615384619,1306.1040000000014,39
2020-08-02,36.3284102564102,1416.807999999998,39
2020-08-03,33.97589743589758,1325.0600000000056,39
2020-08-04,28.20610256410246,1100.037999999996,39
2020-08-05,27.283025641025496,1064.0379999999943,39
2020-08-06,34.97538461538461,1364.04,39
2020-08-07,22.852564102564333,891.250000000009,39
2020-08-08,24.793487179487162,966.9459999999993,39
2020-08-09,26.316871794871847,1026.358000000002,39
2020-08-10,21.917333333333154,854.775999999993,39
2020-08-11,25.87076923076939,1008.9600000000063,39
2020-08-12,32.112461538461346,1252.3859999999925,39
2020-08-13,27.738358974359052,1081.796000000003,39
2020-08-14,30.770358974359162,1200.0440000000074,39
2020-08-15,31.94251282051249,1245.757999999987,39
2020-08-16,24.86184615384631,969.6120000000061,39
2020-08-17,26.006307692307658,1014.2459999999986,39
2020-08-18,29.685025641025533,1157.7159999999958,39
2020-08-19,25.626564102564178,999.436000000003,39
2020-08-20,29.56769230769224,1153.1399999999974,39
2020-08-21,28.826307692307807,1124.2260000000044,39
2020-08-22,24.43430769230766,952.9379999999987,39
2020-08-23,25.41076923076919,991.0199999999984,39
2020-08-24,32.103743589743594,1252.0460000000003,39
2020-08-25,26.267589743589586,1024.4359999999938,39
2020-08-26,23.236358974359153,906.2180000000069,39
2020-08-27,28.26589743589737,1102.3699999999974,39
2020-08-28,25.88297435897434,1009.4359999999992,39
2020-08-29,21.21717948717945,827.4699999999985,39
2020-08-30,20.618051282051436,804.104000000006,39
2020-08-31,25.92989743589738,1011.2659999999979,39
2020-09-01,22.922717948718063,893.9860000000044,39
2020-09-02,29.57866666666651,1153.5679999999938,39
2020-09-03,27.90199999999984,1088.1779999999937,39
2020-09-04,22.769384615384695,888.0060000000032,39
2020-09-05,26.32379487179501,1026.6280000000054,39
2020-09-06,26.10507692307692,1018.0979999999998,39
2020-09-07,28.52323076923066,1112.4059999999959,39
2020-09-08,33.448923076923,1304.507999999997,39
2020-09-09,25.26600000000002,985.3740000000007,39
2020-09-10,17.703794871794837,690.4479999999987,39
2020-09-11,31.37605128205145,1223.6660000000065,39
2020-09-12,20.388923076922982,795.1679999999963,39
2020-09-13,23.15707692307688,903.1259999999983,39
2020-09-14,26.953076923076942,1051.1700000000008,39
2020-09-15,23.725846153846206,925.308000000002,39
2020-09-16,22.95712820512819,895.3279999999994,39
2020-09-17,29.86266666666672,1164.644000000002,39
2020-09-18,26.647743589743595,1039.2620000000002,39
2020-09-19,21.77410256410249,849.189999999997,39
2020-09-20,28.503435897435804,1111.6339999999964,39
2020-09-21,24.6509230769231,961.3860000000009,39
2020-09-22,21.584512820512913,841.7960000000036,39
2020-09-23,30.952512820512794,1207.147999999999,39
2020-09-24,26.77938461538458,1044.3959999999986,39
2020-09-25,29.917128205128204,1166.768,39
2020-09-26,29.85605128205135,1164.3860000000027,39
2020-09-27,26.563999999999925,1035.9959999999971,39
2020-09-28,22.7741025641025,888.1899999999974,39
2020-09-29,30.627282051282055,1194.4640000000002,39
2020-09-30,24.965487179487337,973.6540000000061,39
2020-10-01,26.07251282051264,1016.8279999999929,39
2020-10-02,31.708717948718004,1236.6400000000021,39
2020-10-03,25.732051282051238,1003.5499999999982,39
2020-10-04,23.91456410256411,932.6680000000003,39
2020-10-05,24.43364102564101,952.9119999999994,39
2020-10-06,26.881692307692276,1048.3859999999988,39
2020-10-07,26.203743589743613,1021.9460000000009,39
2020-10-08,26.509076923077163,1033.8540000000094,39
2020-10-09,26.073743589743515,1016.8759999999971,39
2020-10-10,23.639948717948794,921.958000000003,39
2020-10-11,22.026410256410088,859.0299999999935,39
2020-10-12,23.830410256410264,929.3860000000003,39
2020-10-13,23.020256410256444,897.7900000000013,39
2020-10-14,24.306666666666633,947.9599999999987,39
2020-10-15,22.414410256410083,874.1619999999932,39
2020-10-16,20.44507692307706,797.3580000000053,39
2020-10-17,22.74733333333312,887.1459999999917,39
2020-10-18,17.954102564102868,700.2100000000119,39
2020-10-19,19.927641025640828,777.1779999999923,39
2020-10-20,24.698923076923226,963.2580000000058,39
2020-10-21,23.364000000000154,911.196000000006,39
2020-10-22,21.944358974358867,855.8299999999958,39
2020-10-23,25.150769230768976,980.8799999999901,39
2020-10-24,23.3254358974361,909.692000000008,39
2020-10-25,25.060717948717727,977.3679999999913,39
2020-10-26,24.344871794871985,949.4500000000074,39
2020-10-27,26.040461538461436,1015.577999999996,39
2020-10-28,22.84846153846156,891.0900000000008,39
2020-10-29,22.705743589743673,885.5240000000032,39
2020-10-30,25.181487179486947,982.077999999991,39
2020-10-31,24.75871794871814,965.5900000000074,39
2020-11-01,22.408666666666676,873.9380000000003,39
2020-11-02,23.914923076922808,932.6819999999896,39
2020-11-03,23.67964102564118,923.506000000006,39
2020-11-04,26.227179487179416,1022.8599999999973,39
2020-11-05,26.77923076923078,1044.3900000000003,39
2020-11-06,23.967435897436015,934.7300000000046,39
2020-11-07,26.97389743589737,1051.9819999999975,39
2020-11-08,26.45374358974359,1031.696,39
2020-11-09,26.995333333333274,1052.8179999999977,39
2020-11-10,27.00758974358985,1053.2960000000041,39
2020-11-11,20.614512820512708,803.9659999999956,39
2020-11-12,23.03564102564099,898.3899999999986,39
2020-11-13,29.542051282051236,1152.1399999999983,39
2020-11-14,25.781179487179845,1005.466000000014,39
2020-11-15,21.667641025640858,845.0379999999935,39
2020-11-16,27.9675384615384,1090.7339999999976,39
2020-11-17,32.12225641025626,1252.7679999999941,39
2020-11-18,27.59738461538478,1076.2980000000064,39
2020-11-19,31.02635897435891,1210.0279999999975,39
2020-11-20,31.64784615384597,1234.2659999999928,39
2020-11-21,28.063384615384685,1094.4720000000027,39
2020-11-22,34.914256410256655,1361.6560000000095,39
2020-11-23,32.65379487179479,1273.4979999999966,39
2020-11-24,27.438153846153593,1070.0879999999902,39
2020-11-25,31.889179487179497,1243.6780000000003,39
2020-11-26,30.292974358974522,1181.4260000000063,39
2020-11-27,34.93487179487181,1362.4600000000005,39
2020-11-28,32.12866666666663,1253.0179999999987,39
2020-11-29,29.09605128205147,1134.7460000000074,39
2020-11-30,28.730410256410085,1120.4859999999933,39
2020-12-01,33.88856410256392,1321.6539999999927,39
2020-12-02,30.933282051282166,1206.3980000000045,39
2020-12-03,23.55687179487174,918.7179999999978,39
2020-12-04,34.14123076923084,1331.5080000000025,39
2020-12-05,30.16246153846169,1176.336000000006,39
2020-12-06,20.27635897435891,790.7779999999975,39
2020-12-07,29.790512820512724,1161.8299999999963,39
2020-12-08,26.20666666666666,1022.0599999999997,39
2020-12-09,20.62589743589734,804.4099999999962,39
2020-12-10,27.861435897435904,1086.5960000000002,39
2020-12-11,33.455384615384745,1304.760000000005,39
2020-12-12,24.486358974359018,954.9680000000017,39
2020-12-13,22.250358974358868,867.7639999999958,39
2020-12-14,30.407282051282028,1185.883999999999,39
2020-12-15,27.345076923076938,1066.4580000000005,39
2020-12-16,29.35553846153856,1144.8660000000039,39
2020-12-17,30.968307692307953,1207.7640000000101,39
2020-12-18,22.24358974358922,867.4999999999795,39
2020-12-19,36.84764102564137,1437.0580000000134,39
2020-12-20,29.509948717948475,1150.8879999999906,39
2020-12-21,24.099948717948703,939.8979999999993,39
2020-12-22,34.43579487179489,1342.9960000000008,39
2020-12-23,34.12753846153828,1330.9739999999929,39
2020-12-24,35.3878461538462,1380.1260000000018,39
2020-12-25,42.110615384615436,1642.314000000002,39
2020-12-26,29.553025641025634,1152.5679999999998,39
2020-12-27,23.47712820512832,915.6080000000045,39
2020-12-28,25.770717948717834,1005.0579999999956,39
2020-12-29,27.928871794871803,1089.2260000000003,39
2020-12-30,25.07128205128215,977.7800000000038,39
2020-12-31,42.1227692307692,1642.7879999999989,39
2021-01-01,39.56153846153829,1542.8999999999933,39
2021-01-02,31.345179487179404,1222.4619999999968,39
2021-01-03,32.889179487179646,1282.6780000000063,39
2021-01-04,33.03723076923096,1288.4520000000073,39
2021-01-05,33.40169230769206,1302.6659999999904,39
2021-01-06,32.37297435897462,1262.5460000000103,39
2021-01-07,40.413333333333235,1576.1199999999963,39
2021-01-08,27.821487179487033,1085.0379999999943,39
2021-01-09,33.92538461538428,1323.089999999987,39
2021-01-10,37.62805128205137,1467.4940000000036,39
2021-01-11,26.93610256410284,1050.5080000000107,39
2021-01-12,34.42333333333332,1342.5099999999993,39
2021-01-13,34.973282051282034,1363.9579999999994,39
2021-01-14,31.203179487179316,1216.9239999999934,39
2021-01-15,37.117076923076915,1447.5659999999996,39
2021-01-16,29.486769230769212,1149.9839999999992,39
2021-01-17,30.94846153846178,1206.9900000000093,39
2021-01-18,39.31502564102558,1533.2859999999976,39
2021-01-19,33.35948717948699,1301.0199999999927,39
2021-01-20,33.24405128205131,1296.5180000000012,39
2021-01-21,23.946512820512957,933.9140000000053,39
2021-01-22,40.083282051282,1563.247999999998,39
2021-01-23,29.548564102564026,1152.393999999997,39
2021-01-24,31.570820512820767,1231.26200000001,39
2021-01-25,34.816820512820186,1357.8559999999873,39
2021-01-26,33.21964102564103,1295.5660000000003,39
2021-01-27,31.760666666666566,1238.665999999996,39
2021-01-28,36.26025641025646,1414.150000000002,39
2021-01-29,38.41512820512838,1498.1900000000069,39
2021-01-30,33.724205128205185,1315.2440000000022,39
2021-01-31,40.90835897435875,1595.4259999999913,39
2021-02-01,31.94779487179487,1245.964,39
2021-02-02,38.519641025641036,1502.2660000000005,39
2021-02-03,38.707435897435865,1509.5899999999988,39
2021-02-04,30.651435897435896,1195.406,39
2021-02-05,43.13630769230778,1682.3160000000034,39
2021-02-06,36.13092307692309,1409.1060000000004,39
2021-02-07,39.777128205128086,1551.3079999999954,39
2021-02-08,38.443076923076966,1499.2800000000016,39
2021-02-09,37.355282051282224,1456.8560000000066,39
2021-02-10,33.80907692307654,1318.553999999985,39
2021-02-11,38.683794871794866,1508.668,39
2021-02-12,39.20866666666689,1529.1380000000088,39
2021-02-13,33.689230769230534,1313.8799999999908,39
2021-02-14,28.767025641025693,1121.914000000002,39
2021-02-15,35.98887179487187,1403.566000000003,39
2021-02-16,31.759487179487323,1238.6200000000056,39
2021-02-17,36.109897435897444,1408.2860000000003,39
2021-02-18,33.266358974358965,1297.3879999999997,39
2021-02-19,28.889846153846158,1126.7040000000002,39
2021-02-20,36.49446153846133,1423.283999999992,39
2021-02-21,34.56035897435918,1347.854000000008,39
2021-02-22,27.98148717948704,1091.2779999999946,39
2021-02-23,31.313538461538347,1221.2279999999955,39
2021-02-24,37.004769230769355,1443.186000000005,39
2021-02-25,33.6371794871796,1311.8500000000045,39
2021-02-26,38.92948717948695,1518.249999999991,39
2021-02-27,30.023128205128277,1170.9020000000028,39
2021-02-28,33.20174358974381,1294.8680000000088,39
2021-03-01,39.51199999999951,1540.967999999981,39
2021-03-02,31.246871794871815,1218.6280000000008,39
2021-03-03,28.12241025641071,1096.7740000000176,39
2021-03-04,35.30558974358944,1376.917999999988,39
2021-03-05,29.749128205127928,1160.2159999999892,39
2021-03-06,31.747025641025793,1238.134000000006,39
2021-03-07,28.267948717948602,1102.4499999999955,39
2021-03-08,31.513282051282097,1229.0180000000018,39
2021-03-09,36.206256410256344,1412.0439999999974,39
2021-03-10,34.518820512820675,1346.2340000000063,39
2021-03-11,38.88517948717965,1516.5220000000063,39
2021-03-12,31.78441025641011,1239.5919999999942,39
2021-03-13,28.842102564102234,1124.8419999999871,39
2021-03-14,35.993794871795,1403.7580000000048,39
2021-03-15,23.83400000000025,929.5260000000096,39
2021-03-16,25.54071794871784,996.0879999999958,39
2021-03-17,26.760615384615402,1043.6640000000007,39
2021-03-18,31.444102564102387,1226.3199999999931,39
2021-03-19,38.70487179487181,1509.4900000000007,39
2021-03-20,35.99307692307702,1403.7300000000037,39
2021-03-21,31.046820512820357,1210.8259999999939,39
2021-03-22,31.62015384615426,1233.186000000016,39
2021-03-23,33.51666666666662,1307.1499999999983,39
2021-03-24,30.153282051281742,1175.977999999988,39
2021-03-25,33.417641025641025,1303.288,39
2021-03-26,28.94215384615385,1128.7440000000001,39
2021-03-27,25.118820512820417,979.6339999999963,39
2021-03-28,38.278738461538474,1492.8708000000006,39
2021-03-29,36.6340254510531,1428.726992591071,39
2021-03-30,27.57430907118839,1075.3980537763473,39
2021-03-31,29.038040065771174,1132.4835625650758,39
2021-04-01,33.09539259713894,1290.7203112884185,39
2021-04-02,28.32983656021852,1104.8636258485224,39
2021-04-03,33.115041752889766,1291.486628362701,39
2021-04-04,27.681802067084448,1079.5902806162935,39
2021-04-05,26.043707573651684,1015.7045953724157,39
2021-04-06,35.10072938917985,1368.9284461780142,39
2021-04-07,30.643900661513346,1195.1121257990205,39
2021-04-08,27.236575425903805,1062.2264416102485,39
2021-04-09,28.935363539230593,1128.4791780299931,39
2021-04-10,26.47348789706638,1032.4660279855889,39
2021-04-11,27.333250073780775,1065.9967528774503,39
2021-04-12,31.22928368963895,1217.942063895919,39
2021-04-13,26.439195447484153,1031.128622451882,39
2021-04-14,29.685307168114658,1157.7269795564716,39
2021-04-15,30.091666813551576,1173.5750057285115,39
2021-04-16,29.57085238538939,1153.2632430301862,39
2021-04-17,26.35221748664643,1027.7364819792108,39
2021-04-18,21.508887448201182,838.8466104798462,39
2021-04-19,23.68157533762471,923.5814381673638,39
2021-04-20,31.129577172722264,1214.0535097361683,39
2021-04-21,29.94084519401306,1167.6929625665093,39
2021-04-22,30.134022887833453,1175.2268926255047,39
2021-04-23,32.8929007068262,1282.8231275662217,39
2021-04-24,29.716195924586746,1158.931641058883,39
2021-04-25,23.999567325841916,935.9831257078347,39
2021-04-26,33.290048028123934,1298.3118730968333,39
2021-04-27,32.04772606859479,1249.8613166751968,39
2021-04-28,24.28675981801406,947.1836329025483,39
2021-04-29,34.15939408995517,1332.2163695082515,39
2021-04-30,33.37854280757021,1301.7631694952383,39
2021-05-01,32.87135769154574,1281.982949970284,39
2021-05-02,32.71198885160874,1275.7675652127407,39
2021-05-03,33.6831911166437,1313.6444535491041,39
2021-05-04,31.737644423709636,1237.7681325246758,39
2021-05-05,30.28126384502538,1180.9692899559898,39
2021-05-06,28.200624947232345,1099.8243729420615,39
2021-05-07,30.274577753800067,1180.7085323982026,39
2021-05-08,27.837887421081994,1085.6776094221977,39
2021-05-09,25.78975074254329,1005.8002789591883,39
2021-05-10,28.39539145403861,1107.4202667075058,39
2021-05-11,30.89700538744977,1204.983210110541,39
2021-05-12,38.00620273808572,1482.241906785343,39
2021-05-13,30.099703857257193,1173.8884504330306,39
2021-05-14,31.45826387494605,1226.8722911228958,39
2021-05-15,29.071877866115948,1133.803236778522,39
2021-05-16,25.304432690156457,986.8728749161019,39
2021-05-17,27.362087791543708,1067.1214238702046,39
2021-05-18,22.536370782367026,878.918460512314,39
2021-05-19,28.621007088882724,1116.2192764664262,39
2021-05-20,22.351131869112205,871.694142895376,39
2021-05-21,27.488401445411018,1072.0476563710297,39
2021-05-22,23.490721150972895,916.1381248879429,39
2021-05-23,23.0865927107936,900.3771157209503,39
2021-05-24,24.558974076462533,957.7999889820388,39
2021-05-25,26.032184684637624,1015.2552027008674,39
2021-05-26,21.51652950892125,839.1446508479287,39
2021-05-27,22.413920766745534,874.1429099030759,39
2021-05-28,24.196145871640134,943.6496889939652,39
2021-05-29,21.847830508320992,852.0653898245187,39
2021-05-30,25.10607572265983,979.1369531837335,39
2021-05-31,22.4759738212876,876.5629790302164,39
2021-06-01,22.028566661336363,859.1140997921182,39
2021-06-02,21.538555041703475,840.0036466264355,39
2021-06-03,20.42489845298731,796.5710396665052,39
2021-06-04,25.589735873324134,997.9996990596412,39
2021-06-05,23.426235096981877,913.6231687822932,39
2021-06-06,20.94680984527514,816.9255839657305,39
2021-06-07,23.378750460833807,911.7712679725184,39
2021-06-08,23.677192368838885,923.4105023847164,39
2021-06-09,18.930529411639757,738.2906470539506,39
2021-06-10,16.462759350290348,642.0476146613236,39
2021-06-11,23.713991903790724,924.8456842478382,39
2021-06-12,20.02645355358811,781.0316885899363,39
2021-06-13,15.145959559490652,590.6924228201354,39
2021-06-14,23.224773556568415,905.7661687061682,39
2021-06-15,18.337102911352527,715.1470135427486,39
2021-06-16,16.124285703067635,628.8471424196377,39
2021-06-17,25.855582698906083,1008.3677252573373,39
2021-06-18,18.466069587969216,720.1767139307995,39
2021-06-19,15.315871028868852,597.3189701258852,39
2021-06-20,23.803464114971188,928.3351004838763,39
2021-06-21,17.81438568223008,694.7610416069731,39
2021-06-22,14.578964046802666,568.579597825304,39
2021-06-23,17.0227706500151,663.888055350589,39
2021-06-24,17.597980840759465,686.3212527896192,39
2021-06-25,21.406561608132478,834.8559027171666,39
2021-06-26,20.508644669407285,799.8371421068841,39
2021-06-27,15.11229547934327,589.3795236943876,39
2021-06-28,15.30977550906715,597.0812448536188,39
2021-06-29,17.87466723845235,697.1120222996417,39
2021-06-30,17.187617526872277,670.3170835480188,39
2021-07-01,13.731249895883867,535.5187459394708,39
2021-07-02,23.686585120240842,923.7768196893928,39
2021-07-03,15.50477378631139,604.6861776661442,39
2021-07-04,13.997109032657082,545.8872522736262,39
2021-07-05,20.57763695484223,802.527841238847,39
2021-07-06,19.695007768336076,768.105302965107,39
2021-07-07,17.315106142236534,675.2891395472247,39
2021-07-08,22.18562134197834,865.2392323371553,39
2021-07-09,18.965959239115694,739.672410325512,39
2021-07-10,13.102209724482412,510.9861792548141,39
2021-07-11,15.673826568426202,611.2792361686219,39
2021-07-12,14.11516747353996,550.4915314680585,39
2021-07-13,13.833518254080827,539.5072119091523,39
2021-07-14,20.649222878926228,805.319692278123,39
2021-07-15,14.632628975781554,570.6725300554806,39
2021-07-16,14.772657381873968,576.1336378930847,39
2021-07-17,20.419949172815965,796.3780177398227,39
2021-07-18,18.1029879027353,706.0165282066768,39
2021-07-19,13.64573728871109,532.1837542597325,39
2021-07-20,16.99195320455581,662.6861749776766,39
2021-07-21,17.864205648136522,696.7040202773244,39
2021-07-22,22.23559202883875,867.1880891247113,39
2021-07-23,22.457493932751674,875.8422633773154,39
2021-07-24,17.54504508809859,684.256758435845,39
2021-07-25,14.201294951914802,553.8505031246773,39
2021-07-26,20.610477990821025,803.80864164202,39
2021-07-27,12.16983002731117,474.6233710651356,39
2021-07-28,15.504341028230387,604.6693001009851,39
2021-07-29,18.99421468427454,740.774372686707,39
2021-07-30,17.807704890004324,694.5004907101686,39
2021-07-31,21.575861296268865,841.4585905544858,39
2021-08-01,18.107809156743656,706.2045571130026,39
2021-08-02,20.347221233485957,793.5416281059523,39
2021-08-03,15.796455060822582,616.0617473720807,39
2021-08-04,21.021899659204557,819.8540867089778,39
2021-08-05,20.524142997435074,800.4415768999679,39
2021-08-06,20.71926461818304,808.0513201091385,39
2021-08-07,22.240749362449062,867.3892251355135,39
2021-08-08,16.93763146374672,660.567627086122,39
2021-08-09,17.721378394544825,691.1337573872482,39
2021-08-10,25.15836084994928,981.1760731480219,39
2021-08-11,19.563891324000675,762.9917616360264,39
2021-08-12,17.264939622047553,673.3326452598545,39
2021-08-13,24.04979542759674,937.9420216762729,39
2021-08-14,18.077322794202463,705.015588973896,39
2021-08-15,16.96503409370396,661.6363296544545,39
2021-08-16,22.298628738085906,869.6465207853503,39
2021-08-17,20.74461950639134,809.0401607492623,39
2021-08-18,18.69745649698893,729.2008033825683,39
2021-08-19,27.884798173097586,1087.5071287508058,39
2021-08-20,19.044051624380867,742.7180133508538,39
2021-08-21,18.418404412902223,718.3177721031867,39
2021-08-22,18.558605848145824,723.7856280776871,39
2021-08-23,16.390601257642302,639.2334490480498,39
2021-08-24,24.64254528391856,961.0592660728239,39
2021-08-25,21.841709401709448,851.8266666666685,39
2021-08-26,21.089917948718146,822.5068000000077,39
2021-08-27,22.43415384615377,874.931999999997,39
2021-08-28,21.08420512820518,822.284000000002,39
2021-08-29,18.66866666666652,728.0779999999943,39
2021-08-30,15.161384615384694,591.294000000003,39
2021-08-31,22.508358974358806,877.8259999999934,39
2021-09-01,19.591538461538367,764.0699999999963,39
2021-09-02,19.729692307692325,769.4580000000007,39
2021-09-03,25.702738461538495,1002.4068000000013,39
2021-09-04,22.596000000000306,881.244000000012,39
2021-09-05,22.44825641025625,875.4819999999937,39
2021-09-06,26.078615384615357,1017.065999999999,39
2021-09-07,23.610717948718115,920.8180000000065,39
2021-09-08,15.05446153846142,587.1239999999954,39
2021-09-09,21.411333333333452,835.0420000000046,39
2021-09-10,20.003641025640878,780.1419999999943,39
2021-09-11,23.14102564102542,902.4999999999914,39
2021-09-12,27.0022307692308,1053.0870000000011,39
2021-09-13,22.50400000000045,877.6560000000175,39
2021-09-14,21.731435897435592,847.525999999988,39
2021-09-15,22.72805128205137,886.3940000000034,39
2021-09-16,22.21330256410214,866.3187999999834,39
2021-09-17,21.21189743589776,827.2640000000126,39
2021-09-18,23.647128205128233,922.2380000000011,39
2021-09-19,21.73641025640988,847.7199999999852,39
2021-09-20,23.58702564102544,919.8939999999923,39
2021-09-21,20.746974358974928,809.1320000000221,39
2021-09-22,21.293435897435742,830.4439999999939,39
2021-09-23,23.953128205128223,934.1720000000007,39
2021-09-24,23.73184615384643,925.5420000000107,39
2021-09-25,20.133871794871286,785.2209999999801,39
2021-09-26,19.822461538461614,773.076000000003,39
2021-09-27,18.98615384615384,740.4599999999998,39
2021-09-28,25.57364102564097,997.3719999999979,39
2021-09-29,22.335487179487505,871.0840000000127,39
2021-09-30,22.01241025641022,858.4839999999986,39
2021-10-01,23.317487179486857,909.3819999999874,39
2021-10-02,22.63584615384649,882.7980000000131,39
2021-10-03,18.85810256410251,735.4659999999978,39
2021-10-04,22.600102564102727,881.4040000000064,39
2021-10-05,23.178666666666512,903.9679999999939,39
2021-10-06,21.777435897435822,849.3199999999971,39
2021-10-07,27.08102564102578,1056.1600000000053,39
2021-10-08,25.305025641025285,986.8959999999861,39
2021-10-09,21.645358974358885,844.1689999999965,39
2021-10-10,24.436102564102782,953.0080000000085,39
2021-10-11,22.66887179487151,884.0859999999889,39
2021-10-12,17.434923076923525,679.9620000000175,39
2021-10-13,23.152615384615086,902.9519999999883,39
2021-10-14,18.077538461538676,705.0240000000084,39
2021-10-15,18.615641025640883,726.0099999999944,39
2021-10-16,20.632974358974813,804.6860000000177,39
2021-10-17,19.85723076923056,774.4319999999918,39
2021-10-18,18.57717948717893,724.5099999999783,39
2021-10-19,19.944615384615513,777.840000000005,39
2021-10-20,22.59820512820572,881.3300000000231,39
2021-10-21,17.426564102563667,679.635999999983,39
2021-10-22,23.975794871794694,935.055999999993,39
2021-10-23,18.794205128205434,732.9740000000119,39
2021-10-24,18.63507692307719,726.7680000000104,39
2021-10-25,25.421230769230387,991.4279999999851,39
2021-10-26,20.333435897435745,793.0039999999941,39
2021-10-27,17.511846153846356,682.962000000008,39
2021-10-28,21.821538461538374,851.0399999999966,39
2021-10-29,22.853948717948875,891.3040000000061,39
2021-10-30,23.309948717948828,909.0880000000043,39
2021-10-31,20.100512820512538,783.9199999999889,39
2021-11-01,20.385179487179425,795.0219999999975,39
2021-11-02,16.486102564102683,642.9580000000046,39
2021-11-03,22.42753846153813,874.6739999999871,39
2021-11-04,23.569589743590058,919.2140000000122,39
2021-11-05,24.147179487179553,941.7400000000025,39
2021-11-06,18.84107692307674,734.801999999993,39
2021-11-07,18.993128205128198,740.7319999999997,39
2021-11-08,22.1671282051283,864.5180000000037,39
2021-11-09,23.714461538461713,924.8640000000067,39
2021-11-10,14.93856410256397,582.6039999999948,39
2021-11-11,25.60517948717939,998.6019999999963,39
2021-11-12,24.58441025641027,958.7920000000005,39
2021-11-13,16.16938461538473,630.6060000000044,39
2021-11-14,24.14579487179474,941.6859999999949,39
2021-11-15,22.796512820512906,889.0640000000034,39
2021-11-16,18.525076923076597,722.4779999999872,39
2021-11-17,25.337384615384746,988.1580000000051,39
2021-11-18,27.825846153846168,1085.2080000000005,39
2021-11-19,22.812273504273783,889.6786666666776,39
2021-11-20,26.96311111111042,1051.5613333333063,39
2021-11-21,26.66458119658153,1039.9186666666797,39
2021-11-22,22.281166666666685,868.9655000000007,39
2021-11-23,25.748371794871233,1004.1864999999781,39
2021-11-24,22.27617435897482,868.770800000018,39
2021-11-25,25.954974358974333,1012.243999999999,39
2021-11-26,28.26702564102567,1102.4140000000011,39
2021-11-27,25.45482051282068,992.7380000000067,39
2021-11-28,12.995076923076581,506.8079999999867,39
2021-11-29,24.92107692307688,971.9219999999982,39
2021-11-30,22.655538461538704,883.5660000000095,39
2021-12-01,10.255743589743437,399.9739999999941,39
2021-12-02,23.566358974359375,919.0880000000157,39
2021-12-03,25.266769230768478,985.4039999999707,39
2021-12-04,19.770820512820556,771.0620000000017,39
2021-12-05,18.416974358974716,718.2620000000139,39
2021-12-06,22.65948717948693,883.7199999999903,39
2021-12-07,20.771384615384463,810.083999999994,39
2021-12-08,28.74687179487216,1121.1280000000143,39
2021-12-09,30.453538461538546,1187.6880000000033,39
2021-12-10,25.022820512820363,975.8899999999942,39
2021-12-11,23.890615384615742,931.7340000000139,39
2021-12-12,31.931948717948178,1245.3459999999789,39
2021-12-13,28.12271794871811,1096.7860000000062,39
2021-12-14,29.039589743589683,1132.5439999999976,39
2021-12-15,29.47671794871775,1149.5919999999921,39
2021-12-16,20.24102564102556,789.3999999999968,39
2021-12-17,32.41784615384624,1264.2960000000035,39
2021-12-18,29.81851282051299,1162.9220000000066,39
2021-12-19,26.38728205128212,1029.1040000000028,39
2021-12-20,29.739179487179317,1159.8279999999934,39
2021-12-21,30.271641025640786,1180.5939999999907,39
2021-12-22,32.05805128205152,1250.2640000000094,39
2021-12-23,29.380717948718267,1145.8480000000125,39
2021-12-24,36.34041025641,1417.27599999999,39
2021-12-25,22.590999999999983,881.0489999999993,39
2021-12-26,34.78871794871784,1356.7599999999957,39
2021-12-27,23.828153846153953,929.2980000000041,39
2021-12-28,22.93800000000017,894.5820000000066,39
2021-12-29,22.396846153845726,873.4769999999833,39
2021-12-30,29.724994871795186,1159.2748000000122,39
2021-12-31,28.970923076922833,1129.8659999999904,39
2022-01-01,37.74117948717965,1471.9060000000063,39
2022-01-02,37.813282051281796,1474.71799999999,39
2022-01-03,19.756943589743816,770.5208000000088,39
2022-01-04,32.228974358974384,1256.930000000001,39
2022-01-05,30.760615384615495,1199.6640000000043,39
2022-01-06,29.82930769230759,1163.342999999996,39
2022-01-07,28.09625641025638,1095.7539999999988,39
2022-01-08,30.084512820512817,1173.2959999999998,39
2022-01-09,29.331199999999953,1143.9167999999981,39
2022-01-10,26.848020512820284,1047.072799999991,39
2022-01-11,24.175333333333736,942.8380000000158,39
2022-01-12,23.000358974358605,897.0139999999856,39
2022-01-13,21.94743589743629,855.9500000000153,39
2022-01-14,33.22607179487203,1295.8168000000092,39
2022-01-15,30.774564102563463,1200.207999999975,39
2022-01-16,28.358128205128498,1105.9670000000115,39
2022-01-17,35.15266666666656,1370.9539999999959,39
2022-01-18,28.913435897436194,1127.6240000000116,39
2022-01-19,26.47282051282021,1032.4399999999882,39
2022-01-20,33.49189743589747,1306.1840000000013,39
2022-01-21,34.805435897435565,1357.411999999987,39
2022-01-22,32.1403589743594,1253.4740000000168,39
2022-01-23,30.813487179486817,1201.7259999999858,39
2022-01-24,32.50435897435907,1267.6700000000037,39
2022-01-25,24.2980000000004,947.6220000000156,39
2022-01-26,33.180076923076456,1294.0229999999817,39
2022-01-27,28.480717948717974,1110.748000000001,39
2022-01-28,38.03753846153865,1483.4640000000074,39
2022-01-29,30.849743589743237,1203.1399999999862,39
2022-01-30,25.726000000000226,1003.3140000000088,39
2022-01-31,27.722256410256204,1081.167999999992,39
2022-02-01,32.49248205128195,1267.2067999999958,39
2022-02-02,29.951897435897607,1168.1240000000066,39
2022-02-03,25.708153846153767,1002.6179999999969,39
2022-02-04,32.51430769230773,1268.0580000000016,39
2022-02-05,25.58369230769244,997.7640000000052,39
2022-02-06,26.173179487179365,1020.7539999999952,39
2022-02-07,28.58000000000009,1114.6200000000035,39
2022-02-08,21.601282051282094,842.4500000000016,39
2022-02-09,32.314584615384454,1260.2687999999937,39
2022-02-10,30.85210256410289,1203.2320000000127,39
2022-02-11,30.288974358974418,1181.2700000000023,39
2022-02-12,25.997384615384465,1013.8979999999941,39
2022-02-13,28.95271794871783,1129.1559999999954,39
2022-02-14,25.413025641025573,991.1079999999973,39
2022-02-15,30.669558974358978,1196.1128,39
2022-02-16,28.330461538461957,1104.8880000000163,39
2022-02-17,24.52999999999943,956.6699999999777,39
2022-02-18,31.225897435897778,1217.8100000000134,39
2022-02-19,26.82661538461527,1046.2379999999955,39
2022-02-20,22.80232820512832,889.2908000000044,39
2022-02-21,24.538589743589355,957.0049999999849,39
2022-02-22,24.13138461538473,941.1240000000045,39
2022-02-23,25.15120512820508,980.8969999999982,39
2022-02-24,30.712430769231023,1197.78480000001,39
2022-02-25,28.63323076923044,1116.6959999999872,39
2022-02-26,20.89305128205132,814.8290000000015,39
2022-02-27,28.011174358974475,1092.4358000000045,39
2022-02-28,25.968564102563942,1012.7739999999937,39
2022-03-01,22.288820512820767,869.2640000000099,39
2022-03-02,22.95748717948708,895.3419999999961,39
2022-03-03,21.447538461538134,836.4539999999872,39
2022-03-04,20.70822564102598,807.6208000000132,39
2022-03-05,27.88056410256414,1087.3420000000015,39
2022-03-06,28.180307692307395,1099.0319999999883,39
2022-03-07,20.721923076923265,808.1550000000072,39
2022-03-08,27.774097435897414,1083.1897999999992,39
2022-03-09,29.254307692307677,1140.9179999999994,39
2022-03-10,23.932897435897328,933.3829999999957,39
2022-03-11,26.14789743589765,1019.7680000000084,39
2022-03-12,28.331969230769083,1104.9467999999943,39
2022-03-13,24.508635897436115,955.8368000000085,39
2022-03-14,29.81497435897374,1162.7839999999758,39
2022-03-15,28.57553333333353,1114.4458000000077,39
2022-03-16,17.71825641025668,691.0120000000104,39
2022-03-17,27.91774358974355,1088.7919999999986,39
2022-03-18,32.08073846153852,1251.1488000000024,39
2022-03-19,16.227743589743543,632.8819999999981,39
2022-03-20,25.633379487179297,999.7017999999927,39
2022-03-21,26.772153846153945,1044.114000000004,39
2022-03-22,24.04441025640996,937.7319999999885,39
2022-03-23,22.880717948718377,892.3480000000167,39
2022-03-24,25.14410256410207,980.6199999999808,39
2022-03-25,22.735384615385286,886.6800000000261,39
2022-03-26,19.032051282050936,742.2499999999866,39
2022-03-27,23.54176410256395,918.128799999994,39
2022-03-28,19.44158974358971,758.2219999999987,39
2022-03-29,21.624923076922876,843.3719999999922,39
2022-03-30,24.097712820513017,939.8108000000077,39
2022-03-31,19.724205128205483,769.2440000000139,39
2022-04-01,28.415589743589344,1108.2079999999844,39
2022-04-02,20.873435897436043,814.0640000000056,39
2022-04-03,26.90873846153854,1049.440800000003,39
2022-04-04,20.301353846153862,791.7528000000007,39
2022-04-05,19.536307692307755,761.9160000000024,39
2022-04-06,25.293282051282002,986.437999999998,39
2022-04-07,20.303487179487114,791.8359999999974,39
2022-04-08,21.98284102564082,857.330799999992,39
2022-04-09,27.269230769230845,1063.500000000003,39
2022-04-10,21.850153846154036,852.1560000000075,39
2022-04-11,19.342923076922787,754.3739999999887,39
2022-04-12,26.623558974359064,1038.3188000000034,39
2022-04-13,21.76205128205118,848.7199999999959,39
2022-04-14,20.461435897436015,797.9960000000045,39
2022-04-15,28.99487179487184,1130.8000000000018,39
2022-04-16,23.31428205128203,909.2569999999993,39
2022-04-17,20.235887179486838,789.1995999999867,39
2022-04-18,26.02464102564125,1014.9610000000088,39
2022-04-19,19.977794871794654,779.1339999999915,39
2022-04-20,19.772102564102834,771.1120000000105,39
2022-04-21,27.446641025641004,1070.4189999999992,39
2022-04-22,21.69866666666646,846.2479999999919,39
2022-04-23,17.455743589743403,680.7739999999927,39
2022-04-24,25.94247179487217,1011.7564000000145,39
2022-04-25,24.206307692307377,944.0459999999877,39
2022-04-26,22.122820512820766,862.7900000000099,39
2022-04-27,26.717815384615324,1041.9947999999977,39
2022-04-28,24.786379487179296,966.6687999999925,39
2022-04-29,19.437794871794843,758.0739999999988,39
2022-04-30,29.173435897435954,1137.7640000000022,39
2022-05-01,30.77556410256432,1200.2470000000085,39
2022-05-02,25.196512820512755,982.6639999999975,39
2022-05-03,25.794533333333202,1005.9867999999949,39
2022-05-04,26.21851282051319,1022.5220000000145,39
2022-05-05,18.395025641025217,717.4059999999835,39
2022-05-06,26.99769230769255,1052.9100000000094,39
2022-05-07,27.920948717948548,1088.9169999999933,39
2022-05-08,22.23458461538448,867.1487999999947,39
2022-05-09,25.81097435897439,1006.6280000000013,39
2022-05-10,18.385071794871877,717.0178000000031,39
2022-05-11,21.71100000000001,846.7290000000004,39
2022-05-12,27.37632820512854,1067.6768000000131,39
2022-05-13,20.849333333333085,813.1239999999904,39
2022-05-14,26.115733333333562,1018.513600000009,39
2022-05-15,14.786512820512467,576.6739999999862,39
2022-05-16,19.138820512820313,746.4139999999923,39
2022-05-17,33.21707692307749,1295.4660000000222,39
2022-05-18,28.891794871794826,1126.7799999999982,39
2022-05-19,19.889820512820084,775.7029999999833,39
2022-05-20,22.54453846153869,879.237000000009,39
2022-05-21,23.25048205128148,906.7687999999778,39
2022-05-22,19.367743589744176,755.3420000000228,39
2022-05-23,25.33820512820506,988.1899999999974,39
2022-05-24,20.61866666666623,804.1279999999829,39
2022-05-25,20.812205128205456,811.6760000000128,39
2022-05-26,24.392948717948812,951.3250000000037,39
2022-05-27,23.100025641025134,900.9009999999803,39
2022-05-28,20.997456410257048,818.9008000000249,39
2022-05-29,19.281435897435923,751.976000000001,39
2022-05-30,17.932102564102408,699.351999999994,39
2022-05-31,15.676153846153452,611.3699999999847,39
2022-06-01,22.760358974359402,887.6540000000167,39
2022-06-02,18.180256410256113,709.0299999999885,39
2022-06-03,17.81112820512826,694.6340000000022,39
2022-06-04,23.000502564102867,897.0196000000118,39
2022-06-05,18.996179487179273,740.8509999999916,39
2022-06-06,14.737794871794673,574.7739999999923,39
2022-06-07,19.472410256410438,759.424000000007,39
2022-06-08,17.071743589743583,665.7979999999998,39
2022-06-09,17.474153846153474,681.4919999999854,39
2022-06-10,30.79405128205175,1200.9680000000183,39
2022-06-11,20.070769230769034,782.7599999999924,39
2022-06-12,15.204076923076501,592.9589999999836,39
2022-06-13,24.35858461538491,949.9848000000115,39
2022-06-14,21.251948717948682,828.8259999999987,39
2022-06-15,16.209923076923406,632.1870000000129,39
2022-06-16,18.307051282050995,713.9749999999889,39
2022-06-17,19.275989743589736,751.7635999999998,39
2022-06-18,15.190841025640747,592.4427999999891,39
2022-06-19,15.810974358974798,616.6280000000171,39
2022-06-20,19.853507692307268,774.2867999999835,39
2022-06-21,16.139476923077474,629.4396000000215,39
2022-06-22,22.89569230769202,892.9319999999888,39
2022-06-23,20.83597435897398,812.6029999999853,39
2022-06-24,17.4293333333335,679.7440000000065,39
2022-06-25,20.061661538461422,782.4047999999955,39
2022-06-26,17.810533333333485,694.6108000000058,39
2022-06-27,20.65523076923048,805.5539999999887,39
2022-06-28,26.68576923076981,1040.7450000000226,39
2022-06-29,16.72030769230716,652.0919999999792,39
2022-06-30,17.090943589743993,666.5468000000158,39
2022-07-01,27.659610256410087,1078.7247999999934,39
2022-07-02,20.449076923077225,797.5140000000117,39
2022-07-03,15.482102564102311,603.8019999999901,39
2022-07-04,19.99853333333329,779.9427999999984,39
2022-07-05,17.269328205127923,673.503799999989,39
2022-07-06,17.772174358974638,693.1148000000109,39
2022-07-07,23.60061538461506,920.4239999999874,39
2022-07-08,22.33629743589767,871.1156000000091,39
2022-07-09,21.638769230769537,843.912000000012,39
2022-07-10,22.892974358973976,892.825999999985,39
2022-07-11,21.531969230769466,839.7468000000092,39
2022-07-12,24.785025641025648,966.6160000000003,39
2022-07-13,17.400000000000176,678.6000000000068,39
2022-07-14,18.29630256410255,713.5557999999995,39
2022-07-15,17.228358974358287,671.9059999999731,39
2022-07-16,21.333994871795337,832.0258000000181,39
2022-07-17,16.15446153846154,630.024,39
2022-07-18,16.60822564102583,647.7208000000073,39
2022-07-19,17.61061538461469,686.8139999999729,39
2022-07-20,15.596256410256862,608.2540000000176,39
2022-07-21,14.11210256410263,550.3720000000026,39
2022-07-22,24.940769230768954,972.6899999999893,39
2022-07-23,20.084564102564304,783.2980000000078,39
2022-07-24,14.395333333333014,561.4179999999875,39
2022-07-25,18.766974358974373,731.9120000000005,39
2022-07-26,18.949256410256506,739.0210000000037,39
2022-07-27,15.601353846154083,608.4528000000092,39
2022-07-28,19.25561025641003,750.9687999999911,39
2022-07-29,19.307866666666808,753.0068000000056,39
2022-07-30,16.30627692307747,635.9448000000214,39
2022-07-31,14.863794871793901,579.6879999999621,39
2022-08-01,15.063550533874421,587.4784708211024,39
2022-08-02,13.484892307691734,525.9107999999776,39
2022-08-03,18.18348717948757,709.1560000000153,39
2022-08-04,14.408136752136269,561.9173333333144,39
2022-08-05,17.029538461538234,664.1519999999912,39
2022-08-06,19.487764102564476,760.0228000000145,39
2022-08-07,14.09343123537396,549.6438181795844,39
2022-08-08,11.818143589743777,460.9076000000073,39
2022-08-09,18.774153846153986,732.1920000000055,39
2022-08-10,16.765635897436038,653.8598000000055,39
2022-08-11,14.104717948717933,550.0839999999994,39
2022-08-12,31.401743589743116,1224.6679999999815,39
2022-08-13,31.579743589743757,1231.6100000000065,39
2022-08-14,19.65991794871796,766.7368000000005,39
2022-08-15,23.757887179487387,926.557600000008,39
2022-08-16,23.827512820513043,929.2730000000087,39
2022-08-17,16.27205411346655,634.6101104251954,39
2022-08-18,20.115712820512446,784.5127999999854,39
2022-08-19,18.612533333333825,725.8888000000192,39
2022-08-20,15.97992307692306,623.2169999999993,39
2022-08-21,20.147976064926212,785.7710665321223,39
2022-08-22,17.75964102564045,692.6259999999776,39
2022-08-23,16.317097435897804,636.3668000000143,39
2022-08-24,24.610463099598796,959.808060884353,39
2022-08-25,20.024994871794995,780.9748000000048,39
2022-08-26,26.334128205128106,1027.030999999996,39
2022-08-27,20.22876510580858,788.9218391265347,39
2022-08-28,23.022974358974462,897.896000000004,39
2022-08-29,15.752533333333114,614.3487999999915,39
2022-08-30,22.80329355341961,889.3284485833648,39
2022-08-31,19.182487179487296,748.1170000000045,39
2022-09-01,18.057025641026023,704.2240000000149,39
2022-09-02,22.28715384615371,869.1989999999947,39
2022-09-03,19.551153846153866,762.4950000000008,39
2022-09-04,16.544076923076616,645.218999999988,39
2022-09-05,16.29000341880321,635.3101333333252,39
2022-09-06,16.858717948718347,657.4900000000155,39
2022-09-07,13.657717948717936,532.6509999999995,39
2022-09-08,19.258092307691715,751.0655999999769,39
2022-09-09,19.264102564102707,751.3000000000055,39
2022-09-10,15.96666666666683,622.7000000000064,39
2022-09-11,21.449610256410356,836.5348000000039,39
2022-09-12,19.604943589743407,764.5927999999928,39
2022-09-13,15.42861025641084,601.7158000000228,39
2022-09-14,21.062256410256023,821.4279999999849,39
2022-09-15,21.400379487179805,834.6148000000125,39
2022-09-16,19.039507692307367,742.5407999999874,39
2022-09-17,24.478512820512414,954.6619999999841,39
2022-09-18,18.079948717949378,705.1180000000257,39
2022-09-19,19.01469230769215,741.572999999994,39
2022-09-20,24.487827242910903,955.0252624735252,39
2022-09-21,16.72328205128169,652.2079999999859,39
2022-09-22,25.451179487180106,992.5960000000241,39
2022-09-23,25.325025641025526,987.6759999999955,39
2022-09-24,22.48194358974339,876.7957999999923,39
2022-09-25,19.687533333333423,767.8138000000035,39
2022-09-26,24.067846153846034,938.6459999999953,39
2022-09-27,23.54035384615339,918.0737999999823,39
2022-09-28,15.45969230769289,602.9280000000227,39
2022-09-29,25.8368717948716,1007.6379999999923,39
2022-09-30,19.01676923076908,741.6539999999941,39
2022-10-01,18.866635897436105,735.7988000000081,39
2022-10-02,19.854307692308137,774.3180000000173,39
2022-10-03,20.429102564101836,796.7349999999716,39
2022-10-04,15.52291794871815,605.3938000000079,39
2022-10-05,25.932282051281884,1011.3589999999936,39
2022-10-06,20.89723076923093,814.9920000000062,39
2022-10-07,14.071533333333663,548.7898000000129,39
2022-10-08,22.9848717948714,896.4099999999845,39
2022-10-09,21.505328205128578,838.7078000000146,39
2022-10-10,25.22412820512827,983.7410000000025,39
2022-10-11,21.815709401709213,850.8126666666593,39
2022-10-12,21.099610256410212,822.8847999999982,39
2022-10-13,19.815507692307154,772.804799999979,39
2022-10-14,27.05920000000062,1055.3088000000241,39
2022-10-15,20.974820512820585,818.0180000000029,39
2022-10-16,15.477076923076769,603.605999999994,39
2022-10-17,22.470114177927144,876.3344529391586,39
2022-10-18,19.207128205128544,749.0780000000132,39
2022-10-19,18.79833333333365,733.1350000000124,39
2022-10-20,24.073076923076677,938.8499999999904,39
2022-10-21,22.822328205127917,890.0707999999887,39
2022-10-22,21.573743589743763,841.3760000000068,39
2022-10-23,27.120615384615892,1057.7040000000197,39
2022-10-24,19.316461538460608,753.3419999999637,39
2022-10-25,18.84789230769255,735.0678000000095,39
2022-10-26,21.698246153846657,846.2316000000196,39
2022-10-27,23.435282051281877,913.9759999999932,39
2022-10-28,23.691533333333048,923.9697999999888,39
2022-10-29,21.302256410256238,830.7879999999933,39
2022-10-30,18.243764102564164,711.5068000000024,39
2022-10-31,21.272256410256556,829.6180000000057,39
2022-11-01,25.551215384614967,996.4973999999837,39
2022-11-02,18.858256410256672,735.4720000000102,39
2022-11-03,21.250764102563892,828.7797999999917,39
2022-11-04,24.394943589744102,951.40280000002,39
2022-11-05,20.76820000000012,809.9598000000047,39
2022-11-06,18.03776410256383,703.4727999999894,39
2022-11-07,24.953097435897313,973.1707999999952,39
2022-11-08,20.817025641025513,811.863999999995,39
2022-11-09,21.400307692307493,834.6119999999922,39
2022-11-10,26.686538461538877,1040.7750000000162,39
2022-11-11,21.859410256410392,852.5170000000053,39
2022-11-12,20.138547008546727,785.4033333333224,39
2022-11-13,24.817205128204698,967.8709999999833,39
2022-11-14,28.2517128205132,1101.8168000000148,39
2022-11-15,22.728256410256556,886.4020000000056,39
2022-11-16,23.70835897435876,924.6259999999917,39
2022-11-17,21.584482051282436,841.794800000015,39
2022-11-18,25.702333333333275,1002.3909999999977,39
2022-11-19,29.678117948717734,1157.4465999999916,39
2022-11-20,20.712820512820144,807.7999999999856,39
2022-11-21,20.169518018167896,786.6112027085479,39
2022-11-22,26.745866666666423,1043.0887999999904,39
2022-11-23,20.12583589743599,784.9076000000036,39
2022-11-24,23.75264839676065,926.3532874736654,39
2022-11-25,25.442000000000306,992.2380000000119,39
2022-11-26,21.336564102563617,832.1259999999811,39
2022-11-27,25.9842905982905,1013.3873333333295,39
2022-11-28,27.411128205128396,1069.0340000000074,39
2022-11-29,21.829328205128128,851.343799999997,39
2022-11-30,20.30885470085454,792.045333333327,39
2022-12-01,28.32463589743594,1104.6608000000017,39
2022-12-02,28.29435384615378,1103.4797999999973,39
2022-12-03,27.069487179487606,1055.7100000000166,39
2022-12-04,26.56046153846097,1035.857999999978,39
2022-12-05,24.792225641025652,966.8968000000004,39
2022-12-06,26.203841025641303,1021.9498000000108,39
2022-12-07,29.381285470084784,1145.8701333333065,39
2022-12-08,21.446092307693288,836.3976000000382,39
2022-12-09,27.806051282051087,1084.4359999999924,39
2022-12-10,28.686046153846355,1118.7558000000079,39
2022-12-11,22.846307692307164,891.0059999999794,39
2022-12-12,22.50514871794889,877.7008000000068,39
2022-12-13,23.24605468408376,906.5961326792666,39
2022-12-14,23.180666666667186,904.0460000000203,39
2022-12-15,25.80925128205101,1006.5607999999895,39
2022-12-16,34.475271794871695,1344.535599999996,39
2022-12-17,24.876100383644943,970.1679149621527,39
2022-12-18,29.035307692307416,1132.3769999999893,39
2022-12-19,29.073743589743398,1133.8759999999925,39
2022-12-20,29.351589743590385,1144.712000000025,39
2022-12-21,28.463179487179552,1110.0640000000026,39
2022-12-22,33.26358461538412,1297.2797999999807,39
2022-12-23,26.15864102564089,1020.1869999999947,39
2022-12-24,30.530097435897485,1190.6738000000018,39
2022-12-25,32.96998974359013,1285.8296000000153,39
2022-12-26,25.65697435897456,1000.6220000000078,39
2022-12-27,35.086430769230226,1368.3707999999788,39
2022-12-28,29.56741025641006,1153.1289999999924,39
2022-12-29,30.454538461538814,1187.7270000000137,39
2022-12-30,28.286487179486375,1103.1729999999686,39
2022-12-31,31.884969230770032,1243.5138000000313,39
2023-01-01,24.84612307692355,968.9988000000185,39
2023-01-02,27.32540524930949,1065.6908047230702,39
2023-01-03,25.969027960438414,1012.7920904570981,39
2023-01-04,27.396256410256708,1068.4540000000115,39
2023-01-05,27.319205128204914,1065.4489999999917,39
2023-01-06,34.327923076922794,1338.788999999989,39
2023-01-07,30.192841025641812,1177.5208000000307,39
2023-01-08,24.758276923076224,965.5727999999727,39
2023-01-09,29.579898640833452,1153.6160469925046,39
2023-01-10,25.043319582386843,976.6894637130869,39
2023-01-11,31.95448205128292,1246.2248000000338,39
2023-01-12,31.21792307692278,1217.4989999999884,39
2023-01-13,25.88878412485919,1009.6625808695084,39
2023-01-14,32.602512820512935,1271.4980000000044,39
2023-01-15,33.73184615384652,1315.5420000000142,39
2023-01-16,33.04856410256404,1288.8939999999977,39
2023-01-17,26.75935262889727,1043.6147525269935,39
2023-01-18,24.77830463828187,966.353880892993,39
2023-01-19,24.398974358974503,951.5600000000056,39
2023-01-20,31.51948717948694,1229.2599999999907,39
2023-01-21,34.352153846153975,1339.734000000005,39
2023-01-22,22.611948717948533,881.8659999999927,39
2023-01-23,24.371443319158114,950.4862894471664,39
2023-01-24,26.25298303687152,1023.8663384379893,39
2023-01-25,26.227709507719528,1022.8806708010616,39
2023-01-26,26.476358974358902,1032.5779999999972,39
2023-01-27,30.248507692307573,1179.6917999999953,39
2023-01-28,26.122092307692316,1018.7616000000003,39
2023-01-29,24.965302564102682,973.6468000000046,39
2023-01-30,30.223612851189,1178.720901196371,39
2023-01-31,24.387690031534017,951.1199112298267,39
2023-02-01,26.48269648145706,1032.8251627768254,39
2023-02-02,29.205638118224513,1139.019886610756,39
2023-02-03,36.78045641025638,1434.4377999999988,39
2023-02-04,24.49507692307705,955.308000000005,39
2023-02-05,27.273405128204985,1063.6627999999944,39
2023-02-06,24.97573150328759,974.0535286282161,39
2023-02-07,32.918766695593995,1283.8319011281658,39
2023-02-08,28.76735762105879,1121.9269472212927,39
2023-02-09,19.859405128205562,774.5168000000169,39
2023-02-10,33.21589743589709,1295.4199999999867,39
2023-02-11,29.84810256410272,1164.0760000000062,39
2023-02-12,27.04137435897432,1054.6135999999985,39
2023-02-13,33.390256410256285,1302.219999999995,39
2023-02-14,27.63846153846154,1077.9,39
2023-02-15,25.874843237144898,1009.118886248651,39
2023-02-16,36.64976410256346,1429.340799999975,39
2023-02-17,27.458474032111383,1070.880487252344,39
2023-02-18,23.672558974359205,923.229800000009,39
2023-02-19,36.74691282051247,1433.1295999999863,39
2023-02-20,26.830625641025655,1046.3944000000006,39
2023-02-21,32.47210043932379,1266.4119171336279,39
2023-02-22,28.956912820512944,1129.3196000000048,39
2023-02-23,27.175538461538547,1059.8460000000034,39
2023-02-24,33.34340621960849,1300.3928425647312,39
2023-02-25,31.689794871794863,1235.9019999999996,39
2023-02-26,29.408205128205026,1146.919999999996,39
2023-02-27,30.54302496168755,1191.1779735058144,39
2023-02-28,31.771461538460954,1239.0869999999773,39
2023-03-01,27.94244615384656,1089.755400000016,39
2023-03-02,33.69405128205169,1314.068000000016,39
2023-03-03,31.169025641025492,1215.5919999999942,39
2023-03-04,29.144758974358677,1136.6455999999885,39
2023-03-05,19.487784615384967,760.0236000000137,39
2023-03-06,27.405999999999214,1068.8339999999694,39
2023-03-07,32.21743589743617,1256.4800000000105,39
2023-03-08,26.016123076923584,1014.6288000000199,39
2023-03-09,28.39374358974321,1107.3559999999852,39
2023-03-10,27.918707692307525,1088.8295999999934,39
2023-03-11,27.738871794872068,1081.8160000000107,39
2023-03-12,26.354302564102525,1027.8177999999984,39
2023-03-13,24.799379487179696,967.1758000000082,39
2023-03-14,21.22410256410239,827.7399999999933,39
2023-03-15,29.68223076923082,1157.607000000002,39
2023-03-16,28.22663589743551,1100.838799999985,39
2023-03-17,28.95730256410249,1129.3347999999971,39
2023-03-18,20.74589743589775,809.0900000000122,39
2023-03-19,25.99463589743637,1013.7908000000184,39
2023-03-20,27.290439197503673,1064.3271287026432,39
2023-03-21,34.058051282051565,1328.264000000011,39
2023-03-22,28.591584615383354,1115.0717999999508,39
2023-03-23,23.84112885253567,929.8040252488912,39
2023-03-24,33.57151282051306,1309.2890000000093,39
2023-03-25,28.82163589743526,1124.0437999999751,39
2023-03-26,24.66135384615413,961.7928000000112,39
2023-03-27,35.15451282051277,1371.025999999998,39
2023-03-28,34.93622564102587,1362.5128000000088,39
2023-03-29,27.150564102563802,1058.8719999999882,39
2023-03-30,30.160205128205597,1176.2480000000182,39
2023-03-31,27.42745641025639,1069.6707999999992,39
2023-04-01,27.458835897435637,1070.8945999999899,39
2023-04-02,37.803348717948744,1474.330600000001,39
2023-04-03,24.546666666666606,957.3199999999977,39
2023-04-04,27.366174358975385,1067.28080000004,39
2023-04-05,29.601482051281494,1154.4577999999783,39
2023-04-06,28.808410256409896,1123.527999999986,39
2023-04-07,26.412579487179325,1030.0905999999936,39
2023-04-08,27.339179487179997,1066.2280000000198,39
2023-04-09,27.651948717948542,1078.425999999993,39
2023-04-10,24.770615384615187,966.0539999999924,39
2023-04-11,26.26513846153862,1024.3404000000062,39
2023-04-12,28.082328205128032,1095.2107999999932,39
2023-04-13,24.554020512820774,957.6068000000101,39
2023-04-14,32.28237948717938,1259.0127999999957,39
2023-04-15,27.403102564102408,1068.7209999999939,39
2023-04-16,22.447476923077385,875.4516000000181,39
2023-04-17,27.140128205127812,1058.4649999999847,39
2023-04-18,25.077276923077374,978.0138000000176,39
2023-04-19,17.695815384615287,690.1367999999961,39
2023-04-20,25.48797435897423,994.0309999999951,39
2023-04-21,24.006794871795194,936.2650000000126,39
2023-04-22,23.705794871794655,924.5259999999915,39
2023-04-23,25.356205128205108,988.8919999999991,39
2023-04-24,27.099733333333806,1056.8896000000184,39
2023-04-25,17.856861538460755,696.4175999999694,39
2023-04-26,25.860302564102774,1008.5518000000081,39
2023-04-27,23.930041025640776,933.2715999999903,39
2023-04-28,26.493251282051204,1033.236799999997,39
2023-04-29,22.540866666666822,879.093800000006,39
2023-04-30,21.422430769230772,835.4748000000001,39
2023-05-01,23.7327948717947,925.5789999999932,39
2023-05-02,27.41263589743582,1069.092799999997,39
2023-05-03,25.61855384615469,999.1236000000329,39
2023-05-04,23.387153846153566,912.0989999999891,39
2023-05-05,24.615282051281472,959.9959999999774,39
2023-05-06,21.58299487179479,841.7367999999967,39
2023-05-07,20.46546153846152,798.1529999999992,39
2023-05-08,25.56282051282016,996.9499999999863,39
2023-05-09,27.109456410256644,1057.2688000000092,39
2023-05-10,24.39765128205205,951.50840000003,39
2023-05-11,25.507174358974005,994.7797999999862,39
2023-05-12,27.475769230768872,1071.554999999986,39
2023-05-13,20.032605128205507,781.2716000000148,39
2023-05-14,23.433051282050744,913.888999999979,39
2023-05-15,21.21174358974405,827.2580000000179,39
2023-05-16,26.777769230768797,1044.332999999983,39
2023-05-17,25.932000000000464,1011.348000000018,39
2023-05-18,22.196087179487176,865.6473999999998,39
2023-05-19,21.97976923076926,857.2110000000011,39
2023-05-20,26.6690256410252,1040.0919999999828,39
2023-05-21,30.029435897436187,1171.1480000000113,39
2023-05-22,26.758071794871846,1043.564800000002,39
2023-05-23,21.408712820512676,834.9397999999944,39
2023-05-24,23.61745128205133,921.0806000000019,39
2023-05-25,29.4554358974358,1148.7619999999963,39
2023-05-26,29.877205128205105,1165.210999999999,39
2023-05-27,25.904307692307924,1010.268000000009,39
2023-05-28,21.97305128205079,856.9489999999809,39
2023-05-29,27.299738461539164,1064.6898000000274,39
2023-05-30,24.376205128204802,950.6719999999873,39
2023-05-31,21.62805128205106,843.4939999999914,39
2023-06-01,20.511974358974037,799.9669999999875,39
2023-06-02,22.054569230769403,860.1282000000067,39
2023-06-03,21.564994871795026,841.034800000006,39
2023-06-04,12.746507692307475,497.1137999999915,39
2023-06-05,17.185076923076647,670.2179999999893,39
2023-06-06,15.806473504274,616.4524666666861,39
2023-06-07,14.637897435897093,570.8779999999866,39
2023-06-08,22.90719487179521,893.3806000000131,39
2023-06-09,17.917425641025908,698.7796000000104,39
2023-06-10,16.187923076922782,631.3289999999885,39
2023-06-11,10.911533333333656,425.5498000000126,39
2023-06-12,14.84217580196417,578.8448562766026,39
2023-06-13,14.136841025640933,551.3367999999964,39
2023-06-14,17.171123076923152,669.6738000000029,39
2023-06-15,17.06969884694951,665.7182550310309,39
2023-06-16,21.035948717948518,820.4019999999922,39
2023-06-17,19.87791794871797,775.2388000000008,39
2023-06-18,18.931948717948774,738.3460000000022,39
2023-06-19,15.513420512820497,605.0233999999994,39
2023-06-20,23.443148717947963,914.2827999999706,39
2023-06-21,20.960676923077436,817.46640000002,39
2023-06-22,16.441794871794315,641.2299999999783,39
2023-06-23,26.353866666666864,1027.8008000000077,39
2023-06-24,14.248574358974073,555.6943999999888,39
2023-06-25,16.69247179487191,651.0064000000045,39
2023-06-26,23.884093919047263,931.4796628428433,39
2023-06-27,19.28992307692294,752.3069999999946,39
2023-06-28,25.26363076923099,985.2816000000086,39
2023-06-29,22.79510256410257,889.0090000000002,39
2023-06-30,18.615717948718178,726.0130000000089,39
2023-07-01,16.76435897435872,653.8099999999902,39
2023-07-02,21.08857948717968,822.4546000000074,39
2023-07-03,14.823205128205213,578.1050000000033,39
2023-07-04,16.01232307692277,624.4805999999879,39
2023-07-05,18.08046153846157,705.1380000000013,39
2023-07-06,18.008225641025142,702.3207999999805,39
2023-07-07,13.702025641025807,534.3790000000065,39
2023-07-08,22.643815384615095,883.1087999999887,39
2023-07-09,17.035471583948652,664.3833917739975,39
2023-07-10,12.963230769230893,505.56600000000486,39
2023-07-11,16.507200000000505,643.7808000000197,39
2023-07-12,14.218312820512374,554.5141999999826,39
2023-07-13,13.202015384615393,514.8786000000003,39
2023-07-14,24.608256872312793,959.7220180201989,39
2023-07-15,14.242743589742455,555.4669999999558,39
2023-07-16,13.974615384616108,545.0100000000282,39
2023-07-17,16.370687179487124,638.4567999999978,39
2023-07-18,18.728245154261984,730.4015610162173,39
2023-07-19,11.729846153845685,457.4639999999817,39
2023-07-20,18.526020512821162,722.5148000000253,39
2023-07-21,14.410121429786823,561.9947357616861,39
2023-07-22,11.395205128204742,444.41299999998495,39
2023-07-23,12.937400000000231,504.558600000009,39
2023-07-24,11.588109833604426,451.9362835105726,39
2023-07-25,12.788558974358438,498.75379999997904,39
2023-07-26,12.122995017285415,472.7968056741312,39
2023-07-27,14.036133618080852,547.4092111051532,39
2023-07-28,15.086307692308388,588.3660000000272,39
2023-07-29,15.86702051282045,618.8137999999975,39
2023-07-30,14.807506911192513,577.492769536508,39
2023-07-31,12.642153846154606,493.04400000002965,39
2023-08-01,10.343178697967653,403.3839692207385,39
2023-08-02,11.055332123807093,431.1579528284766,39
2023-08-03,15.430605128205462,601.793600000013,39
2023-08-04,17.49526666666642,682.3153999999904,39
2023-08-05,16.175528205128913,630.8456000000276,39
2023-08-06,14.118374358973643,550.6165999999721,39
2023-08-07,14.656507692307397,571.6037999999885,39
2023-08-08,11.853608209580685,462.2907201736467,39
2023-08-09,14.512695158207485,565.995111170092,39
2023-08-10,12.262865363941211,478.2517491937072,39
2023-08-11,14.690897435897732,572.9450000000115,39
2023-08-12,13.635302564102634,531.7768000000027,39
2023-08-13,13.535302564102736,527.8768000000067,39
2023-08-14,11.205794871794344,437.02599999997943,39
2023-08-15,12.829333333333537,500.34400000000795,39
2023-08-16,12.518418089099507,488.21830547488076,39
2023-08-17,12.378384615384679,482.75700000000245,39
2023-08-18,12.211489931025604,476.24810730999855,39
2023-08-19,12.42405224022988,484.5380373689653,39
2023-08-20,13.811390245194275,538.6442195625767,39
2023-08-21,13.976001562745155,545.0640609470611,39
2023-08-22,12.001967768504807,468.07674297168745,39
2023-08-23,14.980381760605278,584.2348886636058,39
2023-08-24,14.433994871794912,562.9258000000016,39
2023-08-25,19.325249840173488,753.684743766766,39
2023-08-26,15.038838366260311,586.5146962841521,39
2023-08-27,12.78886501078776,498.76573542072265,39
2023-08-28,15.83108498081248,617.4123142516868,39
2023-08-29,15.604483057782945,608.5748392535348,39
2023-08-30,16.280000000000022,634.9200000000009,39
2023-08-31,19.03270769230743,742.2755999999897,39
2023-09-01,14.443738461538638,563.3058000000069,39
2023-09-02,13.482456410256383,525.815799999999,39
2023-09-03,14.298769230769235,557.6520000000002,39
2023-09-04,15.869601339994723,618.9144522597942,39
2023-09-05,14.558307692308563,567.774000000034,39
2023-09-06,16.370564102563606,638.4519999999807,39
2023-09-07,14.180969230768879,553.0577999999863,39
2023-09-08,17.27009743589755,673.5338000000045,39
2023-09-09,15.757256410256588,614.533000000007,39
2023-09-10,21.003496896126197,819.1363789489217,39
2023-09-11,12.728769230769535,496.42200000001185,39
2023-09-12,19.72102051282056,769.1198000000018,39
2023-09-13,17.661733384204652,688.8076019839814,39
2023-09-14,18.580923076923263,724.6560000000072,39
2023-09-15,24.360923076922685,950.0759999999847,39
2023-09-16,19.69061538461593,767.9340000000213,39
2023-09-17,15.918943589743236,620.8387999999862,39
2023-09-18,20.974297435897686,817.9976000000098,39
2023-09-19,18.53309743589733,722.7907999999958,39
2023-09-20,18.76243076923031,731.7347999999821,39
2023-09-21,16.96128205128194,661.4899999999957,39
2023-09-22,20.448076923077075,797.4750000000059,39
2023-09-23,16.332092307692328,636.9516000000008,39
2023-09-24,16.781251282051677,654.4688000000154,39
2023-09-25,18.25925641025674,712.1110000000128,39
2023-09-26,14.262051282050951,556.2199999999871,39
2023-09-27,13.63623076923081,531.8130000000016,39
2023-09-28,17.194871794871503,670.5999999999887,39
2023-09-29,14.447612335853632,563.4568810982917,39
2023-09-30,16.465999999999287,642.1739999999722,39
2023-10-01,14.738743589742853,574.8109999999713,39
2023-10-02,14.824037580243413,578.1374656294931,39
2023-10-03,18.117497435897764,706.5824000000129,39
2023-10-04,15.983589743589242,623.3599999999805,39
2023-10-05,22.089948717948825,861.5080000000042,39
2023-10-06,22.31689743589709,870.3589999999865,39
2023-10-07,21.900635897436416,854.1248000000202,39
2023-10-08,20.231302564102496,789.0207999999973,39
2023-10-09,21.0026769230766,819.1043999999874,39
2023-10-10,15.21743589743542,593.4799999999814,39
2023-10-11,21.187179487180014,826.3000000000205,39
2023-10-12,24.267430769230405,946.4297999999858,39
2023-10-13,14.766171702979214,575.8806964161894,39
2023-10-14,18.228533333332695,710.9127999999752,39
2023-10-15,19.999989743590056,779.9996000000122,39
2023-10-16,17.025867925140687,664.0088490804868,39
2023-10-17,19.35207695010217,754.7310010539846,39
2023-10-18,21.958435897436345,856.3790000000175,39
2023-10-19,16.829794871794448,656.3619999999835,39
2023-10-20,23.331820512820148,909.9409999999858,39
2023-10-21,22.16478974359033,864.4268000000228,39
2023-10-22,18.627564102563966,726.4749999999947,39
2023-10-23,16.756974358974382,653.522000000001,39
2023-10-24,18.827384615384066,734.2679999999785,39
2023-10-25,13.548205128205726,528.3800000000233,39
2023-10-26,16.026994871794866,625.0527999999998,39
2023-10-27,17.1308666666665,668.1037999999935,39
2023-10-28,15.376686169889844,599.6907606257039,39
2023-10-29,17.8025093285516,694.2978638135124,39
2023-10-30,21.479097435898023,837.6848000000228,39
2023-10-31,13.863846153846424,540.6900000000105,39
2023-11-01,14.779224236732267,576.3897452325584,39
2023-11-02,17.980246178360304,701.2296009560519,39
2023-11-03,17.207487179486918,671.0919999999898,39
2023-11-04,16.90553998838277,659.316059546928,39
2023-11-05,15.431943589743236,601.8457999999862,39
2023-11-06,16.877558974358834,658.2247999999945,39
2023-11-07,17.167694890575657,669.5401007324506,39
2023-11-08,19.270885269582212,751.5645255137063,39
2023-11-09,14.158761143889368,552.1916846116853,39
2023-11-10,15.283442096559087,596.0542417658044,39
2023-11-11,21.396451282051437,834.461600000006,39
2023-11-12,19.24896923076867,750.7097999999781,39
2023-11-13,17.982071794872308,701.30080000002,39
2023-11-14,21.8259999999996,851.2139999999844,39
2023-11-15,18.50368205128219,721.6436000000054,39
2023-11-16,21.84376410256435,851.9068000000096,39
2023-11-17,25.723205128205286,1003.2050000000062,39
2023-11-18,19.99605128205108,779.8459999999922,39
2023-11-19,20.145851744384682,785.6882180310026,39
2023-11-20,25.464071794871376,993.0987999999837,39
2023-11-21,20.004333333333477,780.1690000000056,39
2023-11-22,14.665739815296424,571.9638527965606,39
2023-11-23,21.772461538461137,849.1259999999843,39
2023-11-24,23.90768120424564,932.39956696558,39
2023-11-25,21.660162250702253,844.7463277773879,39
2023-11-26,19.495984615384792,760.3434000000069,39
2023-11-27,19.405841025640733,756.8277999999885,39
2023-11-28,18.371109749958894,716.4732802483968,39
2023-11-29,19.324420512820513,753.6524,39
2023-11-30,16.596294944296506,647.2555028275638,39
2023-12-01,7.268520718040554,283.4723080035816,39
2023-12-02,23.32388495782084,909.6315133550128,39
2023-12-03,20.866644551910788,813.7991375245207,39
2023-12-04,31.162690131731527,1215.3449151375296,39
2023-12-05,23.25556827006507,906.9671625325377,39
2023-12-06,16.09216185584706,627.5943123780353,39
2023-12-07,23.495221802926274,916.3136503141247,39
2023-12-08,29.339948717949426,1144.2580000000276,39
2023-12-09,12.861815384614848,501.61079999997906,39
2023-12-10,21.616873542933828,843.0580681744193,39
2023-12-11,20.844556538332355,812.9377049949619,39
2023-12-12,21.093986539116056,822.6654750255261,39
2023-12-13,20.619784615384663,804.1716000000018,39
2023-12-14,24.838615384614876,968.7059999999801,39
2023-12-15,19.913717948717583,776.6349999999858,39
2023-12-16,22.45054718920606,875.5713403790363,39
2023-12-17,22.158783582908438,864.1925597334291,39
2023-12-18,27.689890216109152,1079.905718428257,39
2023-12-19,21.68365299411094,845.6624667703267,39
2023-12-20,25.46238398164912,993.0329752843156,39
2023-12-21,26.686307692307345,1040.7659999999864,39
2023-12-22,26.94622114224232,1050.9026245474504,39
2023-12-23,18.937282051282228,738.5540000000069,39
2023-12-24,26.24058146861113,1023.382677275834,39
2023-12-25,25.892156807822555,1009.7941155050796,39
2023-12-26,28.754979487180265,1121.4442000000304,39
2023-12-27,29.838948717948487,1163.718999999991,39
2023-12-28,21.873687179487312,853.0738000000051,39
2023-12-29,30.24364102564113,1179.502000000004,39
2023-12-30,25.652817329149247,1000.4598758368206,39
2023-12-31,24.42592021513717,952.6108883903497,39
2024-01-01,22.795221366764526,889.0136333038165,39
2024-01-02,17.642032551071484,688.0392694917879,39
2024-01-03,24.015674955199913,936.6113232527966,39
2024-01-04,25.686717948717806,1001.7819999999945,39
2024-01-05,26.30850769230812,1026.0318000000166,39
2024-01-06,19.86407389747479,774.6988820015168,39
2024-01-07,23.36689309361627,911.3088306510346,39
2024-01-08,27.82570058069573,1085.2023226471335,39
2024-01-09,17.15222278323657,668.9366885462263,39
2024-01-10,28.539182186751894,1113.0281052833238,39
2024-01-11,18.8912512820525,736.7588000000475,39
2024-01-12,29.882972397616015,1165.4359235070247,39
2024-01-13,24.002560424801352,936.0998565672528,39
2024-01-14,30.855345711674765,1203.358482755316,39
2024-01-15,26.96780512820501,1051.7443999999955,39
2024-01-16,26.282846153846275,1025.0310000000047,39
2024-01-17,18.96975698157234,739.8205222813212,39
2024-01-18,21.5682350539194,841.1611671028566,39
2024-01-19,22.377183562319036,872.7101589304424,39
2024-01-20,23.4643667041092,915.1103014602587,39
2024-01-21,16.010646825447058,624.4152261924353,39
2024-01-22,18.052883468411743,704.062455268058,39
2024-01-23,24.94256904739296,972.7601928483255,39
2024-01-24,21.64394871794902,844.1140000000117,39
2024-01-25,25.544392690083946,996.2313149132739,39
2024-01-26,11.962532599462167,466.53877137902447,39
2024-01-27,27.501379487179427,1072.5537999999976,39
2024-01-28,20.93350190447021,816.4065742743381,39
2024-01-29,21.52434609991057,839.4494978965122,39
2024-01-30,16.832400961109624,656.4636374832753,39
2024-01-31,21.281631441493115,829.9836262182315,39
2024-02-01,27.88436077214855,1087.4900701137935,39
2024-02-02,18.736404878917703,730.7197902777905,39
2024-02-03,27.58325128205087,1075.746799999984,39
2024-02-04,22.506815384615976,877.7658000000231,39
2024-02-05,23.3179282051287,909.3992000000193,39
2024-02-06,17.82568302806215,695.2016380944239,39
2024-02-07,27.41147880025206,1069.0476732098302,39
2024-02-08,20.22758674020847,788.8758828681302,39
2024-02-09,27.642304370867606,1078.0498704638367,39
2024-02-10,29.213271794871343,1139.3175999999823,39
2024-02-11,19.4770666666668,759.6056000000052,39
2024-02-12,23.49917948717934,916.4679999999943,39
2024-02-13,25.12066100461626,979.7057791800341,39
2024-02-14,19.61444039486959,764.963175399914,39
2024-02-15,27.91092708572218,1088.526156343165,39
2024-02-16,25.056810517679082,977.2156101894842,39
2024-02-17,23.892420512821005,931.8044000000192,39
2024-02-18,22.120456410255198,862.6977999999527,39
2024-02-19,21.089066185478153,822.473581233648,39
2024-02-20,19.39974722261279,756.5901416818988,39
2024-02-21,23.079556965206287,900.1027216430452,39
2024-02-22,21.90400000000088,854.2560000000343,39
2024-02-23,30.059205128204567,1172.3089999999781,39
2024-02-24,26.213277560244002,1022.3178248495161,39
2024-02-25,25.761488947429086,1004.6980689497343,39
2024-02-26,21.383187477844107,833.9443116359201,39
2024-02-27,21.210738461538437,827.2187999999991,39
2024-02-28,16.384615384614573,638.9999999999684,39
2024-02-29,15.384966376880275,600.0136886983307,39
2024-03-01,22.614942370469723,881.9827524483193,39
2024-03-02,18.519378255640333,722.255751969973,39
2024-03-03,24.166338204570746,942.4871899782592,39
2024-03-04,23.619271794871025,921.15159999997,39
2024-03-05,22.049535177646973,859.931871928232,39
2024-03-06,22.120978738740856,862.7181708108934,39
2024-03-07,21.085100318212053,822.3189124102701,39
2024-03-08,26.235401945750002,1023.1806758842501,39
2024-03-09,23.123353846154348,901.8108000000195,39
2024-03-10,23.846571178574916,930.0162759644217,39
2024-03-11,24.937624775948624,972.5673662619963,39
2024-03-12,16.55023441354591,645.4591421282904,39
2024-03-13,20.907882099943507,815.4074018977967,39
2024-03-14,16.55443076923009,645.6227999999735,39
2024-03-15,21.664637067388604,844.9208456281556,39
2024-03-16,19.378051702935473,755.7440164144834,39
2024-03-17,21.775840157501147,849.2577661425447,39
2024-03-18,19.439101238465877,758.1249483001692,39
2024-03-19,24.057676923076755,938.2493999999934,39
2024-03-20,23.568594871794872,919.1752,39
2024-03-21,32.00871210846951,1248.339772230311,39
2024-03-22,25.138278223883965,980.3928507314747,39
2024-03-23,20.019941783517893,780.7777295571979,39
2024-03-24,24.48897327618174,955.0699577710878,39
2024-03-25,25.934610256410583,1011.4498000000127,39
2024-03-26,24.76676392358985,965.9037930200041,39
2024-03-27,28.209501869687347,1100.1705729178066,39
2024-03-28,28.49610256410156,1111.3479999999608,39
2024-03-29,26.54502051282191,1035.2558000000545,39
2024-03-30,22.98697435897407,896.4919999999887,39
2024-03-31,25.448247612131343,992.4816568731223,39
2024-04-01,28.611641025640882,1115.8539999999944,39
2024-04-02,22.165282051281917,864.4459999999948,39
2024-04-03,24.127253138227516,940.9628723908731,39
2024-04-04,26.695476923077383,1041.1236000000179,39
2024-04-05,19.79418204241251,771.9730996540878,39
2024-04-06,23.8118974358975,928.6640000000025,39
2024-04-07,24.261682051281305,946.2055999999709,39
2024-04-08,25.790471794872275,1005.8284000000187,39
2024-04-09,26.34940512820517,1027.6268000000016,39
2024-04-10,30.112020512820663,1174.3688000000059,39
2024-04-11,24.262410256410238,946.2339999999992,39
2024-04-12,27.189317948718074,1060.383400000005,39
2024-04-13,20.121456410256155,784.73679999999,39
2024-04-14,25.395123076923685,990.4098000000237,39
2024-04-15,17.05710256410232,665.2269999999904,39
2024-04-16,20.671923076922862,806.2049999999916,39
2024-04-17,19.376610256410103,755.687799999994,39
2024-04-18,18.807688541360083,733.4998531130433,39
2024-04-19,17.90322564102596,698.2258000000124,39
2024-04-20,17.344225641025805,676.4248000000064,39
2024-04-21,12.681421283075482,494.5754300399438,39
2024-04-22,21.583565406447192,841.7590508514405,39
2024-04-23,12.33268103081988,480.97456020197535,39
2024-04-24,16.855533333333938,657.3658000000236,39
2024-04-25,10.69551282051179,417.1249999999598,39
2024-04-26,20.648476291825393,805.2905753811903,39
2024-04-27,11.31798176897243,441.4012889899248,39
2024-04-28,10.155728533381863,396.0734128018927,39
2024-04-29,10.74525666426075,419.0650099061693,39
2024-04-30,13.917905154010805,542.7983010064214,39
2024-05-01,17.33127908185115,675.9198841921949,39
2024-05-02,28.573214540165427,1114.3553670664517,39
2024-05-03,25.258994871794787,985.1007999999966,39
2024-05-04,22.87034871794932,891.9436000000235,39
2024-05-05,21.70871282051208,846.639799999971,39
2024-05-06,25.240114875087766,984.3644801284229,39
2024-05-07,18.23075971023316,710.9996286990931,39
2024-05-08,27.600123076922554,1076.4047999999796,39
2024-05-09,18.66566153846185,727.9608000000122,39
2024-05-10,27.94150256410281,1089.7186000000095,39
2024-05-11,25.35548205128157,988.8637999999812,39
2024-05-12,23.080066666667303,900.1226000000248,39
2024-05-13,21.36727692307653,833.3237999999847,39
2024-05-14,26.472512820512446,1032.4279999999853,39
2024-05-15,15.617015384615671,609.0636000000112,39
2024-05-16,22.49791282051284,877.4186000000008,39
2024-05-17,24.092384615384514,939.6029999999961,39
2024-05-18,16.795908522655296,655.0404323835565,39
2024-05-19,20.31863142898589,792.4266257304496,39
2024-05-20,18.146220512820616,707.702600000004,39
2024-05-21,17.128943589743965,668.0288000000146,39
2024-05-22,21.021558974357575,819.8407999999454,39
2024-05-23,19.31856410256496,753.4240000000334,39
2024-05-24,20.297794871794462,791.613999999984,39
2024-05-25,22.620857357821393,882.2134369550344,39
2024-05-26,16.903715934768464,659.2449214559701,39
2024-05-27,18.245194871794727,711.5625999999944,39
2024-05-28,26.221125007456035,1022.6238752907853,39
2024-05-29,18.73541001247056,730.6809904863518,39
2024-05-30,16.357482082618397,637.9418012221175,39
2024-05-31,23.11581536272325,901.5167991462067,39
2024-06-01,15.97791440925821,623.1386619610702,39
2024-06-02,17.82828984030225,695.3033037717878,39
2024-06-03,18.15172719824279,707.9173607314688,39
2024-06-04,13.625018786527049,531.3757326745549,39
2024-06-05,14.302016128649067,557.7786290173136,39
2024-06-06,16.099867093949772,627.8948166640412,39
2024-06-07,17.981276461271566,701.2697819895911,39
2024-06-08,16.092215384615958,627.5964000000223,39
2024-06-09,15.25222564102537,594.8367999999895,39
2024-06-10,19.541621466732547,762.1232372025694,39
2024-06-11,12.908074503801807,503.41490564827046,39
2024-06-12,15.140456326556324,590.4777967356966,39
2024-06-13,17.713266666666694,690.817400000001,39
2024-06-14,15.327256410256046,597.7629999999858,39
2024-06-15,21.64684744756405,844.2270504549979,39
2024-06-16,17.97670330655743,701.0914289557397,39
2024-06-17,15.35121425699494,598.6973560228026,39
2024-06-18,19.70464843766073,768.4812890687684,39
2024-06-19,16.008490766844268,624.3311399069265,39
2024-06-20,11.922062215700922,464.96042641233595,39
2024-06-21,17.07188765746576,665.8036186411646,39
2024-06-22,13.798528945818175,538.1426288869088,39
2024-06-23,15.547333333333105,606.3459999999911,39
2024-06-24,20.390232197117026,795.219055687564,39
2024-06-25,15.903789967784041,620.2478087435776,39
2024-06-26,17.581575155550475,685.6814310664685,39
2024-06-27,16.176832984887312,630.8964864106052,39
2024-06-28,19.222532405050327,749.6787637969627,39
2024-06-29,13.319683753416784,519.4676663832546,39
2024-06-30,20.693405128205967,807.0428000000327,39
2024-07-01,13.95337196736494,544.1815067272327,39
2024-07-02,11.761372868086504,458.69354185537367,39
2024-07-03,16.225833689540355,632.8075138920739,39
2024-07-04,5.423568337581953,211.51916516569617,39
2024-07-05,14.210892307691466,554.2247999999672,39
2024-07-06,13.014884244983326,507.5804855543497,39
2024-07-07,15.760826314331325,614.6722262589217,39
2024-07-08,11.528634432808307,449.616742879524,39
2024-07-09,9.790761839983933,381.8397117593734,39
2024-07-10,19.51737435897471,761.1776000000136,39
2024-07-11,12.87748853167221,502.2220527352162,39
2024-07-12,19.61350055101846,764.92652148972,39
2024-07-13,9.13734871794857,356.3565999999942,39
2024-07-14,15.579279058752926,607.5918832913641,39
2024-07-15,12.554927934134684,489.64218943125263,39
2024-07-16,12.964337684615158,505.6091696999911,39
2024-07-17,11.75193662194776,458.32552825596264,39
2024-07-18,8.592943589742708,335.1247999999656,39
2024-07-19,18.046451282051535,703.8116000000099,39
2024-07-20,13.253856410256803,516.9004000000153,39
2024-07-21,10.107298262356624,394.1846322319083,39
2024-07-22,11.005545158899906,429.21626119709634,39
2024-07-23,12.566446153846499,490.09140000001344,39
2024-07-24,12.074974358973437,470.92399999996405,39
2024-07-25,13.647586283280642,532.255865047945,39
2024-07-26,13.685469537559467,533.7333119648192,39
2024-07-27,10.282352757257453,401.0117575330406,39
2024-07-28,14.82815234229693,578.2979413495802,39
2024-07-29,13.557110216588235,528.7272984469412,39
2024-07-30,12.405402726440347,483.8107063311735,39
2024-07-31,8.801691121735772,343.2659537476951,39
2024-08-01,15.014631509570771,585.57062887326,39
2024-08-02,16.932008784837535,660.3483426086639,39
2024-08-03,14.283046153845508,557.0387999999748,39
2024-08-04,11.789266259724371,459.7813841292505,39
2024-08-05,12.30170731524636,479.76658529460803,39
2024-08-06,15.596461538460922,608.261999999976,39
2024-08-07,15.804246153846766,616.3656000000238,39
2024-08-08,13.705153139518684,534.5009724412287,39
2024-08-09,15.646925487725147,610.2300940212807,39
2024-08-10,13.94999407982688,544.0497691132483,39
2024-08-11,14.089717948717963,549.4990000000006,39
2024-08-12,13.824707692307785,539.1636000000036,39
2024-08-13,12.907108307118744,503.377223977631,39
2024-08-14,9.582120343187444,373.70269338431035,39
2024-08-15,14.120067750074996,550.6826422529249,39
2024-08-16,15.582194871794982,607.7056000000043,39
2024-08-17,14.756061538461328,575.4863999999918,39
2024-08-18,10.884353846153983,424.48980000000535,39
2024-08-19,16.320068804432506,636.4826833728678,39
2024-08-20,11.293606460789103,440.450651970775,39
2024-08-21,14.067337258513149,548.6261530820128,39
2024-08-22,13.673794871794334,533.277999999979,39
2024-08-23,14.968892307692983,583.7868000000263,39
2024-08-24,13.96243589743533,544.5349999999779,39
2024-08-25,15.61876455846768,609.1318177802395,39
2024-08-26,13.976019456680456,545.0647588105378,39
2024-08-27,11.394666666666577,444.39199999999653,39
2024-08-28,15.984581021167218,623.3986598255215,39
2024-08-29,12.53236145991557,488.7620969367072,39
2024-08-30,15.277032588296594,595.8042709435672,39
2024-08-31,15.481721703168674,603.7871464235783,39
2024-09-01,11.283035897435854,440.0383999999983,39
2024-09-02,18.11778974359003,706.5938000000112,39
2024-09-03,11.812102564102341,460.6719999999913,39
2024-09-04,14.323794871794608,558.6279999999897,39
2024-09-05,12.898738461538262,503.0507999999922,39
2024-09-06,14.033008536236176,547.2873329132109,39
2024-09-07,14.756820259155138,575.5159901070504,39
2024-09-08,13.543746533820723,528.2061148190082,39
2024-09-09,13.054951105830716,509.14309312739795,39
2024-09-10,7.901768901797059,308.1689871700853,39
2024-09-11,13.20039029033353,514.8152213230077,39
2024-09-12,14.113328205128706,550.4198000000196,39
2024-09-13,21.670682051281926,845.1565999999951,39
2024-09-14,12.754687179487117,497.43279999999754,39
2024-09-15,14.124860972484486,550.869577926895,39
2024-09-16,17.170564986281835,669.6520344649916,39
2024-09-17,14.620476923076245,570.1985999999736,39
2024-09-18,9.935225641026015,387.4738000000146,39
2024-09-19,15.062230769230291,587.4269999999814,39
2024-09-20,17.165220512821026,669.4436000000201,39
2024-09-21,18.232174358973705,711.0547999999744,39
2024-09-22,23.160251282051366,903.2498000000032,39
2024-09-23,15.22950769230784,593.9508000000058,39
2024-09-24,10.673969230769297,416.2848000000026,39
2024-09-25,10.768000506782702,419.9520197645254,39
2024-09-26,15.345653738328807,598.4804957948235,39
2024-09-27,24.523608163535776,956.4207183778952,39
2024-09-28,21.110876594918263,823.3241872018123,39
2024-09-29,20.983523056059834,818.3573991863335,39
2024-09-30,19.432635897435027,757.872799999966,39
2024-10-01,19.72271282051306,769.1858000000093,39
2024-10-02,19.429558974359214,757.7528000000093,39
2024-10-03,15.492082051282356,604.1912000000119,39
2024-10-04,18.77318297426758,732.1541359964357,39
2024-10-05,18.441948717949305,719.2360000000228,39
2024-10-06,18.674999999999667,728.324999999987,39
2024-10-07,19.40098461538489,756.6384000000107,39
2024-10-08,18.12324589469054,706.8065898929311,39
2024-10-09,18.033274158013803,703.2976921625384,39
2024-10-10,19.72410256410293,769.2400000000143,39
2024-10-11,17.879200000000385,697.288800000015,39
2024-10-12,19.238589743589916,750.3050000000067,39
2024-10-13,18.65110256410215,727.3929999999838,39
2024-10-14,19.471794871795268,759.4000000000154,39
2024-10-15,20.048774710207482,781.9022136980918,39
2024-10-16,19.627960543962452,765.4904612145357,39
2024-10-17,21.521512820513397,839.3390000000225,39
2024-10-18,19.24798461538529,750.6714000000262,39
2024-10-19,18.546866666665967,723.3277999999726,39
2024-10-20,20.03435897435912,781.3400000000056,39
2024-10-21,20.07634358974345,782.9773999999945,39
2024-10-22,20.80353846153792,811.3379999999788,39
2024-10-23,20.068784615384534,782.6825999999968,39
2024-10-24,22.475610256410434,876.548800000007,39
2024-10-25,19.209994871795168,749.1898000000115,39
2024-10-26,21.718969233994994,847.0398001258047,39
2024-10-27,20.848764102563475,813.1017999999755,39
2024-10-28,20.243476923076813,789.4955999999956,39
2024-10-29,20.03924615384647,781.5306000000123,39
2024-10-30,21.289648232560612,830.2962810698639,39
2024-10-31,20.19696459293699,787.6816191245426,39
2024-11-01,22.596738461537864,881.2727999999767,39
2024-11-02,21.17983589743534,826.0135999999782,39
2024-11-03,22.23360000000033,867.1104000000129,39
2024-11-04,23.199805128205824,904.7924000000271,39
2024-11-05,22.337948717948777,871.1800000000023,39
2024-11-06,20.947435897435597,816.9499999999882,39
2024-11-07,24.746279629560824,965.1049055528721,39
2024-11-08,23.982333333333038,935.3109999999886,39
2024-11-09,21.536430769231067,839.9208000000116,39
2024-11-10,23.860789743589063,930.5707999999735,39
2024-11-11,24.791810256410102,966.8805999999939,39
2024-11-12,21.45536716843192,836.7593195688448,39
2024-11-13,22.07929743589735,861.0925999999965,39
2024-11-14,23.20302051282062,904.9178000000041,39
2024-11-15,22.85605641025613,891.3861999999891,39
2024-11-16,22.64082051282068,882.9920000000066,39
2024-11-17,25.09188866164175,978.5836578040282,39
2024-11-18,23.595294128640823,920.216471016992,39
2024-11-19,22.999757435898008,896.9905400000223,39
2024-11-20,22.86434871794863,891.7095999999966,39
2024-11-21,23.195564102563765,904.6269999999869,39
2024-11-22,20.42396196581183,796.5345166666614,39
2024-11-23,22.102980204084425,862.0162279592926,39
2024-11-24,23.19848379360133,904.7408679504518,39
2024-11-25,24.055192419393613,938.152504356351,39
2024-11-26,23.08443185124069,900.2928421983869,39
2024-11-27,21.628869939585773,843.5259276438451,39
2024-11-28,22.997117095315886,896.8875667173196,39
2024-11-29,23.165103621835023,903.4390412515659,39
2024-11-30,22.50124376706228,877.548506915429,39
2024-12-01,25.75069641025625,1004.2771599999937,39
2024-12-02,29.19102564102496,1138.4499999999734,39
2024-12-03,27.525505958278572,1073.4947323728643,39
2024-12-04,27.11983856949756,1057.6737042104048,39
2024-12-05,31.444100854700963,1226.3199333333375,39
2024-12-06,30.183222613429898,1177.145681923766,39
2024-12-07,30.461695528463252,1188.0061256100669,39
2024-12-08,28.414675319330854,1108.1723374539033,39
2024-12-09,27.436594493845202,1070.0271852599628,39
2024-12-10,27.109241025641758,1057.2604000000285,39
2024-12-11,27.06401025641012,1055.4963999999948,39
2024-12-12,31.10224102564027,1212.9873999999706,39
2024-12-13,27.57821819126719,1075.5505094594205,39
2024-12-14,27.668160689372627,1079.0582668855325,39
2024-12-15,23.14191060792014,902.5345137088854,39
2024-12-16,32.41130256410248,1264.0407999999966,39
2024-12-17,30.068246153845482,1172.6615999999738,39
2024-12-18,28.498543589744095,1111.4432000000197,39
2024-12-19,31.1960849104342,1216.6473115069339,39
2024-12-20,29.588205787766793,1153.940025722905,39
2024-12-21,29.96832678965513,1168.76474479655,39
2024-12-22,30.177806411340214,1176.9344500422683,39
2024-12-23,29.661984324525076,1156.817388656478,39
2024-12-24,27.824225641025116,1085.1447999999796,39
2024-12-25,27.74730256410263,1082.1448000000025,39
2024-12-26,31.731538461537873,1237.529999999977,39
2024-12-27,31.99068658533238,1247.6367768279629,39
2024-12-28,29.479634721595403,1149.7057541422207,39
2024-12-29,28.25698704036744,1102.0224945743303,39
2024-12-30,29.32941025641021,1143.8469999999982,39
2024-12-31,31.20882051282035,1217.1439999999936,39
2025-01-01,29.661538461537948,1156.79999999998,39
2025-01-02,33.681804419339784,1313.5903723542515,39
2025-01-03,28.750943488147495,1121.2867960377523,39
2025-01-04,28.49764102564157,1111.4080000000213,39
2025-01-05,30.746435897435195,1199.1109999999726,39
2025-01-06,30.88781538461524,1204.6247999999944,39
2025-01-07,32.33973846153841,1261.249799999998,39
2025-01-08,30.74119487179534,1198.9066000000182,39
2025-01-09,31.327432892038075,1221.7698827894849,39
2025-01-10,32.75858731051551,1277.5849051101047,39
2025-01-11,31.298830585046243,1220.6543928168035,39
2025-01-12,30.716771563223695,1197.9540909657242,39
2025-01-13,32.17793799852911,1254.9395819426354,39
2025-01-14,29.12489461040983,1135.8708898059833,39
2025-01-15,24.28815091359536,947.237885630219,39
2025-01-16,34.80620000000021,1357.4418000000082,39
2025-01-17,31.547589743590176,1230.3560000000168,39
2025-01-18,28.198389578034774,1099.7371935433562,39
2025-01-19,28.16757978648353,1098.5356116728576,39
2025-01-20,28.12496136186484,1096.8734931127287,39
2025-01-21,29.406317948716634,1146.8463999999487,39
2025-01-22,26.12241538461632,1018.7742000000366,39
2025-01-23,31.161448563370225,1215.2964939714388,39
2025-01-24,28.578474846233295,1114.5605190030985,39
2025-01-25,28.261884622629342,1102.2135002825444,39
2025-01-26,29.77751794871785,1161.3231999999962,39
2025-01-27,26.859461538462313,1047.5190000000302,39
2025-01-28,26.830318176786896,1046.382408894689,39
2025-01-29,27.768586075359217,1082.9748569390094,39
2025-01-30,27.270721677509965,1063.5581454228886,39
2025-01-31,27.38242051282112,1067.9144000000238,39
2025-02-01,24.896379487178496,970.9587999999613,39
2025-02-02,25.643345342600803,1000.0904683614314,39
2025-02-03,26.55847578437302,1035.7805555905477,39
2025-02-04,28.07879150232152,1095.0728685905392,39
2025-02-05,29.046651282050643,1132.819399999975,39
2025-02-06,31.49251794871813,1228.208200000007,39
2025-02-07,29.700463492205284,1158.3180761960061,39
2025-02-08,31.007429126637938,1209.2897359388796,39
2025-02-09,31.13137435897418,1214.123599999993,39
2025-02-10,29.553815384615582,1152.5988000000077,39
2025-02-11,26.292293032079616,1025.399428251105,39
2025-02-12,27.66207564971738,1078.8209503389778,39
2025-02-13,29.435379487179564,1147.979800000003,39
2025-02-14,27.588533333333917,1075.9528000000228,39
2025-02-15,27.791225641026276,1083.8578000000248,39
2025-02-16,26.488468029991843,1033.0502531696818,39
2025-02-17,27.689162698529497,1079.8773452426503,39
2025-02-18,27.139205128204686,1058.4289999999828,39
2025-02-19,25.543938461538712,996.2136000000098,39
2025-02-20,28.003138461538956,1092.1224000000193,39
2025-02-21,30.048096319411453,1171.8757564570467,39
2025-02-22,27.43782051282006,1070.0749999999823,39
2025-02-23,29.18116923076862,1138.0655999999763,39
2025-02-24,30.035276923076943,1171.3758000000007,39
2025-02-25,32.84760512820522,1281.0566000000035,39
2025-02-26,31.413400000000365,1225.1226000000142,39
2025-02-27,31.54912115824797,1230.4157251716708,39
2025-02-28,28.767013448557492,1121.9135244937422,39
2025-03-01,16.70051282051339,651.3200000000222,39
2025-03-02,33.26338461538391,1297.2719999999726,39
2025-03-03,29.234826595245067,1140.1582372145576,39
2025-03-04,27.441107861134032,1070.2032065842272,39
2025-03-05,26.5917515186553,1037.0783092275567,39
2025-03-06,26.382964102564564,1028.935600000018,39
2025-03-07,22.87278974358993,892.0388000000073,39
2025-03-08,23.756071794871726,926.4867999999973,39
2025-03-09,22.747876923076372,887.1671999999785,39
2025-03-10,22.937687179487327,894.5698000000058,39
2025-03-11,21.329374358973954,831.8455999999842,39
2025-03-12,21.21477948717913,827.376399999986,39
2025-03-13,22.396733333334172,873.4726000000327,39
2025-03-14,20.614035897435958,803.9474000000023,39
2025-03-15,19.1463282051286,746.7068000000154,39
2025-03-16,19.313215384614946,753.2153999999829,39
2025-03-17,16.420820512819777,640.4119999999713,39
2025-03-18,16.856056410257217,657.3862000000314,39
2025-03-19,15.948728205127578,622.0003999999756,39
2025-03-20,19.26684615384683,751.4070000000264,39
2025-03-21,17.543128205128557,684.1820000000137,39
2025-03-22,19.62219999999922,765.2657999999697,39
2025-03-23,19.715128205128668,768.8900000000181,39
2025-03-24,17.933758974358472,699.4165999999803,39
2025-03-25,20.021897435897618,780.8540000000071,39
2025-03-26,18.517405128205606,722.1788000000187,39
2025-03-27,18.39001025640923,717.21039999996,39
2025-03-28,19.528169230770125,761.5986000000348,39
2025-03-29,22.965641025640636,895.6599999999848,39
2025-03-30,21.341815384615774,832.3308000000152,39
2025-03-31,14.692153846153214,572.9939999999754,39
2025-04-01,14.943584615384788,582.7998000000067,39
2025-04-02,17.911728205127623,698.5573999999773,39
2025-04-03,17.633425641027294,687.7036000000645,39
2025-04-04,16.153615384614007,629.9909999999462,39
2025-04-05,18.217871794872018,710.4970000000087,39
2025-04-06,15.65955897435822,610.7227999999706,39
2025-04-07,16.72405128205174,652.2380000000178,39
2025-04-08,16.06169230769209,626.4059999999915,39
2025-04-09,15.241892307692847,594.433800000021,39
2025-04-10,19.416220512819752,757.2325999999704,39
2025-04-11,17.452974358975627,680.6660000000495,39
2025-04-12,16.21648717948677,632.4429999999841,39
2025-04-13,17.855353846153257,696.358799999977,39
2025-04-14,17.79790256410301,694.1182000000173,39
2025-04-15,20.41636923076881,796.2383999999836,39
2025-04-16,17.354826135798053,676.8382192961241,39
2025-04-17,20.076323076922023,782.9765999999589,39
2025-04-18,17.24356410256447,672.4990000000143,39
2025-04-19,17.065004747289297,665.5351851442827,39
2025-04-20,14.910039463144708,581.4915390626436,39
2025-04-21,14.999561535083059,584.9828998682393,39
2025-04-22,15.78394358974352,615.5737999999973,39
2025-04-23,15.298569230769239,596.6442000000003,39
2025-04-24,17.426994871795614,679.652800000029,39
2025-04-25,17.201674505398262,670.8653057105322,39
2025-04-26,16.47422564102449,642.494799999955,39
2025-04-27,17.1156000000002,667.5084000000078,39
2025-04-28,17.343907692308672,676.4124000000382,39
2025-04-29,16.512615384615035,643.9919999999863,39
2025-04-30,18.253379487179206,711.881799999989,39
2025-05-01,17.949148717948866,700.0168000000058,39
2025-05-02,18.55595384615389,723.6822000000017,39
2025-05-03,18.661410256410228,727.7949999999989,39
2025-05-04,17.866051282050865,696.7759999999837,39
2025-05-05,18.085328205127848,705.327799999986,39
2025-05-06,16.495282051282484,643.3160000000169,39
2025-05-07,18.074435897435638,704.9029999999899,39
2025-05-08,19.603646153846373,764.5422000000085,39
2025-05-09,18.723276923078004,730.2078000000422,39
2025-05-10,17.65722564102563,688.6317999999995,39
2025-05-11,19.996220512819395,779.8525999999564,39
2025-05-12,20.124166159623456,784.8424802253148,39
2025-05-13,21.699558974358673,846.2827999999882,39
2025-05-14,17.52957435897524,683.6534000000344,39
2025-05-15,19.367558974358342,755.3347999999754,39
2025-05-16,19.34257948718012,754.3606000000248,39
2025-05-17,18.49666153846089,721.3697999999748,39
2025-05-18,17.485841025641133,681.9478000000041,39
2025-05-19,19.69111794871765,767.9535999999883,39
2025-05-20,17.820297435898112,694.9916000000263,39
2025-05-21,18.496343589743507,721.3573999999968,39
2025-05-22,21.388892307692707,834.1668000000155,39
2025-05-23,18.016594871794936,702.6472000000025,39
2025-05-24,18.937841025640303,738.5757999999718,39
2025-05-25,18.310041025641787,714.0916000000296,39
2025-05-26,18.09628205128147,705.7549999999774,39
2025-05-27,18.520764119124653,722.3098006458614,39
2025-05-28,20.58709230769233,802.8966000000008,39
2025-05-29,19.80183076923065,772.2713999999954,39
2025-05-30,18.885871794871985,736.5490000000074,39
2025-05-31,18.238379487179415,711.2967999999972,39
2025-06-01,18.627225641025312,726.4617999999872,39
2025-06-02,13.86935897435866,540.9049999999877,39
2025-06-03,19.25680512820595,751.0154000000321,39
2025-06-04,18.578482051282148,724.5608000000037,39
2025-06-05,23.310329487179533,909.1028500000018,39
2025-06-06,23.133169230768473,902.1935999999705,39
2025-06-07,19.335123076922592,754.0697999999811,39
2025-06-08,18.636974358975397,726.8420000000405,39
2025-06-09,20.41404615384627,796.1478000000046,39
2025-06-10,20.287892307691912,791.2277999999845,39
2025-06-11,19.2781743589746,751.8488000000094,39
2025-06-12,20.845841025640297,812.9877999999716,39
2025-06-13,19.739538461538356,769.8419999999959,39
2025-06-14,14.475343589744648,564.5384000000413,39
2025-06-15,13.889215199369083,541.6793927753943,39
2025-06-16,12.525328205127831,488.48779999998544,39
