image,person_present,person_count,confidence_threshold
032169c8de16_images_MKT_30_2_jpg.rf.bba89be51c291e779bf711bc91c00756.jpg,1,6,0.25
04efc73afd54_images_relax3_102_2_jpg.rf.3b5d70057fb49c5eb30eefcc852fa726.jpg,1,4,0.25
06a2affcc308_images_relax_3_660_2_jpg.rf.0faca79435834363d6382002ac6bb407.jpg,1,3,0.25
0bfd8645aa47_images_relax2_276_2_jpg.rf.a643cc47b046d1faf9a422320bec8b3e.jpg,1,4,0.25
0caa7d4cf6cd_images_relax2_216_jpg.rf.3763e00bd28771781dc7b0b3dc9eba20.jpg,1,1,0.25
10dd52b3d7dc_images_relax3_78_2_jpg.rf.532a7369092855aee0148ff2bf62a7e4.jpg,1,3,0.25
12aebb9e1816_images_relax2_240_2_jpg.rf.5c3ebe17d57e59c59de995a290347cb5.jpg,1,4,0.25
1441c2118bca_images_AI_1_540_2_jpg.rf.f08581fe08fb6a09967c36bc5125571d.jpg,1,3,0.25
14e9ffa51044_images_MKT_1470_2_jpg.rf.5d6c0570edf02fd4879969fac27eb2d3.jpg,1,9,0.25
1c82c0e2ba7b_images_relax_3_330_2_jpg.rf.d550b09cc116789115db2edfc8f56c78.jpg,1,6,0.25
1c90862e2e6d_images_relaxFaceX_36_2_jpg.rf.5547098a8db83ae6cc16f7fbd51e5bf3.jpg,1,27,0.25
245956871c84_images_relax2_270_2_jpg.rf.36db0537921738bad20d6a80968777f3.jpg,1,7,0.25
24b3dc299299_images_relaxFaceX_12_2_jpg.rf.c640cf987770c35d80aba00523e0daa7.jpg,1,29,0.25
28246ff9c8f0_images_relax_1_540_2_jpg.rf.2050a36746169ca69ae419e122d43a94.jpg,1,4,0.25
284191c6d14c_images_relax3_6_2_jpg.rf.089e306581d5f1ac96052926635ab023.jpg,1,1,0.25
2d8ac74acdb5_images_relaxFaceX_120_2_jpg.rf.73a5aac2fa52c331c9061cc0fa70a750.jpg,1,27,0.25
2ffccb4a4d22_images_relax_1_270_2_jpg.rf.52a4288eb1f50ce99c692f73e506e398.jpg,1,8,0.25
33be86bac9cb_images_relaxFaceX_60_2_jpg.rf.b413becbe9fedc8d1efa9efc8b3b8a8f.jpg,1,26,0.25
34da2590d501_images_relaxFaceX_84_2_jpg.rf.4ed153728f5f15c26dcd0206bbb50c71.jpg,1,28,0.25
3d486d7e0298_images_design_750_2_jpg.rf.c79f1c829bdf6b9a59f978944a71b4d5.jpg,1,7,0.25
3f045a8fd768_images_relax_3_360_2_jpg.rf.a5478fb18e0908d33e95a8c96fd2e6c9.jpg,1,4,0.25
407a442365e0_images_relax_3_1470_2_jpg.rf.8ad41e6d196984442923dd9e2241aaa2.jpg,1,4,0.25
419d7fb1f0e9_images_relax_1_390_2_jpg.rf.0946a02ccb3d44e4053cf7b4518876bb.jpg,1,4,0.25
5552fd20838a_images_relax3_198_2_jpg.rf.51e212bc470f450cc764c58bcca8f316.jpg,1,1,0.25
5635d6f96865_images_design_1320_2_jpg.rf.f7d26b62d9cef29f2607ced91a4ba11a.jpg,1,5,0.25
5e54517511fa_images_hanh_lang_390_2_jpg.rf.676a440a78b80d87bf69fa60a7ee8fd8.jpg,1,12,0.25
6007ad6c6cbd_images_relax_2_480_2_jpg.rf.37072c7981385834b99fd4baa079fa11.jpg,1,7,0.25
616621883c2c_images_relaxFaceX_252_2_jpg.rf.6c6a1d7cf4d42b032d7cdb6da62c69f8.jpg,1,28,0.25
61a568636675_images_AI_2_0_2_jpg.rf.86a381b8349abb42a5ee8e804b0093e0.jpg,1,7,0.25
659470ef067e_images_relax2_294_jpg.rf.e0f7f62f9be8e91e3d8719df69979d6e.jpg,1,2,0.25
692ca3d8f82e_images_relax3_162_2_jpg.rf.9273e8de5b58564e25e3c6298cee2eb4.jpg,1,3,0.25
6bec0aa31b6a_images_MKT_60_2_jpg.rf.46e44b987b204267370f385d8487a33b.jpg,1,8,0.25
6d09cf419848_images_relax_3_60_2_jpg.rf.12409671f6c1f9422c6e81b8fedab21a.jpg,1,2,0.25
6e12da97e03c_images_relaxFaceX_78_2_jpg.rf.804435403a7a10436df79f765bb1f838.jpg,1,28,0.25
7005d138e331_images_relaxFaceX_48_2_jpg.rf.807da05b5371957edf43aedc0fd54baa.jpg,1,27,0.25
76a2d2b99611_images_AI_2_120_2_jpg.rf.08865667e8c706bf342b82209511d141.jpg,1,6,0.25
78f2c21d4508_images_relaxFaceX_12_2_jpg.rf.bdc5fd8469742a94fb0bda64ecd04c73.jpg,1,26,0.25
7b9bb7b5e3fb_images_AI_1_750_2_jpg.rf.6620be213a0fe51163fc7462684f7b6b.jpg,1,4,0.25
7fe3f1c930d5_images_relax_1_690_2_jpg.rf.129b64907d0ba2d523350aa9da671efa.jpg,1,4,0.25
80382227d7c9_images_relax_3_30_2_jpg.rf.699a35302900e736224392432f6c04f1.jpg,1,2,0.25
823b96952b6e_images_relax_2_600_2_jpg.rf.da02a8f182f6c39092191aa767103815.jpg,1,4,0.25
86db50504bf1_images_MKT_210_2_jpg.rf.3f4b938c477cb8620188e20f36612232.jpg,1,7,0.25
9052971b4d32_images_MKT_300_2_jpg.rf.8030e1c35c2dca417c7475c00d4111d1.jpg,1,2,0.25
923c7756590a_images_AI_1_930_2_jpg.rf.addf21980810267fe8aaccfe10cecb3b.jpg,1,3,0.25
93ff94b8cff1_images_hanh_lang_660_2_jpg.rf.9a245bfc9f4785b2b128fd9380355e75.jpg,1,13,0.25
9b4bb0286f5d_images_relax2_222_2_jpg.rf.9dcdcc433528254f69d9ea7899017d6f.jpg,1,5,0.25
9c47ff344ea7_images_relax_1_660_2_jpg.rf.eee59d0006719a4915b328b23085d393.jpg,1,4,0.25
9d8b77b01433_images_relax_3_780_2_jpg.rf.5acd4e1ec432bef980dee2af179fbef9.jpg,1,2,0.25
9faef624e47c_images_relax_3_870_2_jpg.rf.5b7a90c98b8994ff5a76d0e45515b8ce.jpg,1,3,0.25
ac7a18cdf85b_images_MKT_1440_2_jpg.rf.5bcb5eb811f4453a609f3d78f082c5cf.jpg,1,13,0.25
afc3e894565d_images_design_1290_2_jpg.rf.2c24214b98abdc77e4c9aef41bf4a0ce.jpg,1,5,0.25
affb8f43a535_images_MKT_132_2_jpg.rf.8b33bd5d47f8f93ee67ec5fc4c4b427a.jpg,1,7,0.25
b11f60d70d1a_images_relax2_42_2_jpg.rf.07406a1d67531fa9ed70f92cb1d35ab0.jpg,1,5,0.25
ba4463ba6be9_images_MKT_216_2_jpg.rf.5595df07097ca9e65c000eb1c014386b.jpg,1,6,0.25
ba61963d8743_images_relax3_126_2_jpg.rf.a0e03727a7bc658761a1a62976a1bb72.jpg,1,4,0.25
c30db2b29b68_images_relax2_36_2_jpg.rf.837bc6193fbd58e57981649557f185ee.jpg,1,6,0.25
cc215a243cb3_images_relax3_240_2_jpg.rf.f7d948133f8501470a7842e3a462994f.jpg,1,4,0.25
ccae14bf7c3a_images_relax2_42_2_jpg.rf.3a740937dc6750decaed68587df6abf9.jpg,1,5,0.25
cd330ee8203f_images_AI_1_480_2_jpg.rf.e35e173a673b07555c9882a79b927fdb.jpg,1,3,0.25
cfd59d7b1867_images_relaxFaceX_204_2_jpg.rf.41faa4f87450d9ec2a755f909acb9a5f.jpg,1,28,0.25
d22b61bec7c6_images_design_480_2_jpg.rf.53c5162ecdc3d96e98819bd457087410.jpg,1,7,0.25
d67e1c108555_images_design_1380_2_jpg.rf.a085cfddcac9b3bf7f05885498364bff.jpg,1,5,0.25
daa14574b6f9_images_relaxFaceX_222_jpg.rf.d8119123c64e68bc96799a1616ddfe96.jpg,1,13,0.25
dbc465d0faa3_images_design_510_2_jpg.rf.6541f9c259040389e73661289dec8bf2.jpg,1,8,0.25
dc03571e5419_images_relax2_6_2_jpg.rf.398c9e036fc810f4ee698a15326fb0fb.jpg,1,5,0.25
ddc341fffdc6_images_relaxFaceX_120_jpg.rf.c305bdafdd4ae16447c0b16d3d4569f3.jpg,1,13,0.25
e1f1df2d0148_images_relaxFaceX_240_2_jpg.rf.ee84e7d5d5d8648c5d0fc3758652b7d5.jpg,1,29,0.25
e3c951cde87e_images_relax2_222_jpg.rf.4dfbcab87d457bbd8ec370e8f3fdc814.jpg,1,1,0.25
e6b099f3ac05_images_relax_3_180_2_jpg.rf.685833bc99f711c6ca1109c90f8630e5.jpg,1,4,0.25
e9c8cbab961a_images_relaxFaceX_126_jpg.rf.0b984f022f7392fdb6c8997e1e3f7332.jpg,1,16,0.25
ed04f351577b_images_design_390_2_jpg.rf.5b7b405f7391a097d69c817575abe13a.jpg,1,8,0.25
ee4619793bdd_images_relax_3_450_2_jpg.rf.2bf514c16ea32ea3f1c77a09e139735c.jpg,1,4,0.25
f0def8966268_images_AI_1_180_2_jpg.rf.7c944afc743a46e934e25497d80b445c.jpg,1,5,0.25
f12871266a60_images_relax3_222_2_jpg.rf.c2c079b10ced00c677ff89561d071bf3.jpg,1,4,0.25
ffc5ae9402ec_images_relax_1_960_2_jpg.rf.6d83594b11089f12d93ddc14575de4ae.jpg,1,4,0.25
