,count,unique,top,freq,mean,min,25%,50%,75%,max,std
timestamp,70941,,,,2022-12-20 00:00:00,2020-06-24 00:00:00,2021-09-21 00:00:00,2022-12-20 00:00:00,2024-03-19 00:00:00,2025-06-16 00:00:00,
house_id,70941.0,,,,20.0,1.0,10.0,20.0,30.0,39.0,11.254708002126838
kwh,70941.0,,,,23.07310756079462,0.0,12.680000000000293,21.709999999999127,29.950000000000728,178.45999999999913,13.25330888028496
occupancy,70941.0,,,,5.128205128205129,2.0,4.0,5.0,7.0,9.0,1.7420930735294315
orientation,70941,5,east,23647,,,,,,,
area,70941.0,,,,107.6923076923077,100.0,100.0,100.0,100.0,200.0,26.647123313588516
noof_windows,70941.0,,,,4.461538461538462,2.0,4.0,4.0,5.0,7.0,1.1058466994313394
type_of_windows,70941,3,single,56389,,,,,,,
shaded,70941.0,,,,1.0,1.0,1.0,1.0,1.0,1.0,0.0
noof_floors,70941.0,,,,1.9743589743589745,1.0,2.0,2.0,2.0,3.0,0.357140678129238
noof_rooms,70941.0,,,,3.5384615384615383,2.0,3.0,3.0,4.0,6.0,0.901462550104169
floor_type,70941,2,ceramic ,54570,,,,,,,
wall,70941,2,painted,67303,,,,,,,
curtain_block,70941.0,,,,0.23076923076923078,0.0,0.0,0.0,0.0,1.0,0.4213280138115648
diswasher,70941.0,,,,0.1794871794871795,0.0,0.0,0.0,0.0,1.0,0.3837624367863689
washing_machine,70941.0,,,,1.0,1.0,1.0,1.0,1.0,1.0,0.0
boiler,70941.0,,,,0.9743589743589743,0.0,1.0,1.0,1.0,1.0,0.15806301156150693
electric_heater,70941.0,,,,0.5128205128205128,0.0,0.0,1.0,1.0,1.0,0.4998391303598896
fan,70941.0,,,,0.7948717948717948,0.0,1.0,1.0,1.0,1.0,0.40379812161411993
ac,70941.0,,,,0.4358974358974359,0.0,0.0,0.0,1.0,1.0,0.49587733105699705
oven,70941.0,,,,0.9743589743589743,0.0,1.0,1.0,1.0,1.0,0.15806301156150693
microwave,70941.0,,,,0.2564102564102564,0.0,0.0,0.0,1.0,1.0,0.4366540100561672
eac,70941.0,,,,1.0,1.0,1.0,1.0,1.0,1.0,0.0
fridge,70941.0,,,,0.8205128205128205,0.0,1.0,1.0,1.0,1.0,0.38376243678636884
refrigratore,70941.0,,,,1.0,1.0,1.0,1.0,1.0,1.0,0.0
tv,70941.0,,,,1.0,1.0,1.0,1.0,1.0,1.0,0.0
play,70941.0,,,,0.3076923076923077,0.0,0.0,0.0,1.0,1.0,0.4615417145468845
shofaz,70941.0,,,,0.07692307692307693,0.0,0.0,0.0,0.0,1.0,0.26647123313588517
airtc_mean,70941.0,,,,23.512985987555318,4.94676041666666,13.73125,23.9424123729849,31.8995121852682,39.8086680478932,9.88282686523218
airtc_min,70941.0,,,,17.87397588136756,0.0263014358981238,9.9147066974749,18.68,25.25,33.7656396480113,8.979591073624118
airtc_max,70941.0,,,,29.205802573328263,7.321,20.5825433942822,28.24,38.1152800926246,48.6847037472006,10.678094785618132
rh_mean,70941.0,,,,30.606166459841326,10.0001035904187,14.2842210529417,23.5770833333333,44.0536912662574,88.1395483327305,19.26782765530494
rh_min,70941.0,,,,18.709363318138845,4.485,8.57923048327855,12.977242772673,25.5532941691768,82.6837371829803,13.91348529808895
rh_max,70941.0,,,,45.88912639249386,16.48,25.5282397115747,36.0443008457098,67.29,97.2595871144817,23.700020109753982
bp_mbar_mean,70941.0,,,,962.8325424529309,913.862494352848,954.145833333333,963.519946088733,972.416666666666,1003.78312010814,14.145497974636362
bp_mbar_min,70941.0,,,,957.9159144346777,876.619961923022,951.716935381081,961.0,971.0,1004.1479542894,21.170278747354764
bp_mbar_max,70941.0,,,,969.0166685596148,925.414439769255,959.0,968.0,975.988068686174,1029.86711325419,16.39635681167215
ws_ms_avg_mean,70941.0,,,,0.2925992657026809,0.02603125,0.109922142572228,0.201412399067999,0.370802083333333,1.66743390366865,0.2700044004404142
ws_ms_avg_min,70941.0,,,,0.033061010913997914,0.0,0.0,0.005,0.0571004748290032,0.484297411965227,0.057835827453959744
ws_ms_avg_max,70941.0,,,,1.0602124460832687,0.180072255097183,0.591177871930365,0.883204472579833,1.3818228509754,4.104,0.6740927383461361
ws_gust_max_mean,70941.0,,,,1.037742009705694,0.170510696255881,0.583270833333333,0.806975472081098,1.29126447425524,4.00032291666666,0.6591095432880573
ws_gust_max_min,70941.0,,,,0.09058575076380855,0.0,0.0,0.0492200390263711,0.098,1.50773567108101,0.19767461936212807
ws_gust_max_max,70941.0,,,,3.208291342122758,0.98,2.22314574808104,2.979,3.949,8.8,1.3535802557831331
winddir_mean,70941.0,,,,145.34558459175423,43.939388703754,112.386395833333,144.772701096564,175.658625028318,263.853333333333,40.949189518020965
slrkw_avg_mean,70941.0,,,,0.4561385836259073,0.0144972798051979,0.12046875,0.209520833333333,0.302568641242081,91.3852232725781,4.721719057655109
slrkw_avg_max,70941.0,,,,1.616791678190495,0.108,0.588031064428841,0.773,0.98,311.030612610253,16.24519275401068
slrmj_tot_sum,70941.0,,,,178.9942025184577,11.327454742871,106.830039270317,177.973922978786,263.526178171708,314.450097301436,81.67911920043626
year,70941.0,,,,2022.4678394722375,2020.0,2021.0,2022.0,2024.0,2025.0,1.4945247113091507
month,70941.0,,,,6.525563496426608,1.0,4.0,7.0,10.0,12.0,3.4550333275678136
day_of_month,70941.0,,,,15.711379879054425,1.0,8.0,16.0,23.0,31.0,8.811428221959048
day_of_week,70941.0,,,,3.00109950522265,0.0,1.0,3.0,5.0,6.0,2.0000137941397456
day_of_year,70941.0,,,,183.2517866959868,1.0,91.0,184.0,275.0,366.0,105.71154549635011
is_weekend,70941.0,,,,0.28587135788894996,0.0,0.0,0.0,1.0,1.0,0.451831608452266
kwh_lag_1,70941.0,,,,23.07645440112673,0.0,12.68800000000192,21.710000000002765,29.951999999997497,178.45999999999913,13.253663414326509
kwh_lag_7,70941.0,,,,23.110380534212315,0.0,12.719999999993888,21.75,29.9900000000016,178.45999999999913,13.279768176271318
kwh_rolling_7,70941.0,,,,23.096945088243682,0.0,14.714285714285708,22.0047296649531,29.491428571428383,124.51999999999968,11.367574873746426
target_next_day_kwh,70941.0,,,,23.06965699655681,0.0,12.680000000000293,21.70799999999872,29.94999999999891,178.45999999999913,13.251992620739049
split,70941,3,train,49686,,,,,,,
