,missing_count
timestamp,0
house_id,0
kwh,0
occupancy,0
orientation,0
area,0
noof_windows,0
type_of_windows,0
shaded,0
noof_floors,0
noof_rooms,0
floor_type,0
wall,0
curtain_block,0
diswasher,0
washing_machine,0
boiler,0
electric_heater,0
fan,0
ac,0
oven,0
microwave,0
eac,0
fridge,0
refrigratore,0
tv,0
play,0
shofaz,0
airtc_mean,0
airtc_min,0
airtc_max,0
rh_mean,0
rh_min,0
rh_max,0
bp_mbar_mean,0
bp_mbar_min,0
bp_mbar_max,0
ws_ms_avg_mean,0
ws_ms_avg_min,0
ws_ms_avg_max,0
ws_gust_max_mean,0
ws_gust_max_min,0
ws_gust_max_max,0
winddir_mean,0
slrkw_avg_mean,0
slrkw_avg_max,0
slrmj_tot_sum,0
year,0
month,0
day_of_month,0
day_of_week,0
day_of_year,0
is_weekend,0
kwh_lag_1,0
kwh_lag_7,0
kwh_rolling_7,0
target_next_day_kwh,0
split,0
