forecast_date,predicted_kwh,total_predicted_kwh
2025-06-17,15.815610256410256,616.8088
2025-06-18,15.905320512820513,620.3075
2025-06-19,16.419235897435897,640.3502
2025-06-20,16.859679487179488,657.5275
2025-06-21,16.603820512820512,647.549
2025-06-22,15.414761538461539,601.1757
2025-06-23,14.593684615384614,569.1537
2025-06-24,14.401125641025642,561.6439
2025-06-25,15.015602564102565,585.6085
2025-06-26,15.977566666666666,623.1251
2025-06-27,16.28008205128205,634.9232
2025-06-28,15.87104358974359,618.9707
2025-06-29,14.97540769230769,584.0409
2025-06-30,14.177641025641025,552.928
2025-07-01,14.00623846153846,546.2433
2025-07-02,14.584748717948719,568.8052
2025-07-03,15.14038717948718,590.4751
2025-07-04,15.080715384615386,588.1479
2025-07-05,14.490164102564103,565.1164
2025-07-06,13.696753846153847,534.1734
2025-07-07,13.38090512820513,521.8553
2025-07-08,13.684841025641026,533.7088
2025-07-09,14.293917948717949,557.4628
2025-07-10,14.4087,561.9393
2025-07-11,14.293784615384615,557.4576
2025-07-12,13.866510256410256,540.7939
2025-07-13,12.798776923076922,499.15229999999997
2025-07-14,12.230094871794872,476.9737
2025-07-15,12.450610256410256,485.5738
2025-07-16,13.132748717948717,512.1772
2025-07-17,13.466066666666666,525.1766
2025-07-18,13.21756923076923,515.4852
2025-07-19,12.83724358974359,500.6525
2025-07-20,12.085446153846155,471.3324
2025-07-21,11.612548717948718,452.8894
2025-07-22,11.710528205128204,456.7106
2025-07-23,12.50813076923077,487.8171
2025-07-24,13.1142,511.4538
2025-07-25,13.240143589743589,516.3656
2025-07-26,12.865610256410257,501.7588
2025-07-27,11.844899999999999,461.9511
2025-07-28,11.258320512820513,439.0745
2025-07-29,11.43236923076923,445.8624
2025-07-30,11.985564102564103,467.437
2025-07-31,12.296438461538461,479.5611
2025-08-01,12.346841025641025,481.5268
2025-08-02,12.020738461538462,468.8088
2025-08-03,11.337448717948718,442.1605
2025-08-04,11.191015384615385,436.44960000000003
2025-08-05,11.2077,437.1003
2025-08-06,11.736587179487179,457.7269
2025-08-07,12.204482051282051,475.9748
2025-08-08,12.398938461538462,483.5586
2025-08-09,12.092264102564103,471.5983
2025-08-10,11.277864102564102,439.8367
2025-08-11,11.052505128205128,431.0477
2025-08-12,11.38084358974359,443.8529
2025-08-13,11.902092307692309,464.1816
2025-08-14,12.374953846153845,482.6232
2025-08-15,12.684546153846153,494.6973
2025-08-16,12.491994871794871,487.1878
2025-08-17,11.619466666666666,453.1592
2025-08-18,11.05634358974359,431.1974
2025-08-19,11.04244358974359,430.6553
2025-08-20,11.649466666666667,454.3292
2025-08-21,12.028584615384615,469.1148
2025-08-22,11.953189743589743,466.1744
2025-08-23,11.795471794871794,460.0234
2025-08-24,11.353120512820514,442.7717
2025-08-25,11.26463076923077,439.3206
2025-08-26,11.527533333333334,449.5738
2025-08-27,12.063592307692307,470.4801
2025-08-28,12.397048717948717,483.4849
2025-08-29,12.464328205128204,486.1088
2025-08-30,12.24315641025641,477.4831
2025-08-31,11.397833333333333,444.5155
2025-09-01,10.938505128205128,426.6017
2025-09-02,11.586089743589744,451.8575
2025-09-03,12.72641282051282,496.3301
2025-09-04,13.43290769230769,523.8833999999999
2025-09-05,13.396779487179487,522.4744
2025-09-06,13.329958974358973,519.8684
2025-09-07,12.5624,489.9336
2025-09-08,12.382346153846154,482.9115
2025-09-09,12.1344,473.2416
2025-09-10,12.58178717948718,490.6897
2025-09-11,13.138425641025641,512.3986
2025-09-12,13.448079487179488,524.4751
2025-09-13,13.33412564102564,520.0309
2025-09-14,12.788512820512821,498.752
2025-09-15,12.42875641025641,484.7215
2025-09-16,12.345215384615384,481.4634
2025-09-17,12.855776923076922,501.3753
2025-09-18,13.317741025641025,519.3919
2025-09-19,13.487964102564105,526.0306
2025-09-20,13.346071794871795,520.4968
2025-09-21,12.687379487179486,494.8078
2025-09-22,12.314628205128205,480.27049999999997
2025-09-23,12.340566666666668,481.2821
2025-09-24,12.778838461538461,498.3747
2025-09-25,12.921346153846153,503.9325
2025-09-26,12.72054358974359,496.1012
2025-09-27,12.603743589743589,491.546
2025-09-28,12.415728205128204,484.2134
2025-09-29,12.260566666666668,478.1621
2025-09-30,12.056492307692308,470.2032
2025-10-01,12.356056410256409,481.8862
2025-10-02,12.705041025641025,495.4966
2025-10-03,12.889748717948718,502.7002
2025-10-04,13.314184615384615,519.2532
2025-10-05,13.736533333333332,535.7248
2025-10-06,13.824743589743589,539.165
2025-10-07,13.371658974358974,521.4947
2025-10-08,13.883661538461538,541.4628
2025-10-09,14.4963,565.3557
2025-10-10,14.655376923076924,571.5597
2025-10-11,14.34770512820513,559.5605
2025-10-12,13.888984615384615,541.6704
2025-10-13,13.759484615384617,536.6199
2025-10-14,13.776907692307692,537.2994
2025-10-15,14.208548717948716,554.1333999999999
2025-10-16,14.804510256410257,577.3759
2025-10-17,15.140371794871795,590.4745
2025-10-18,14.902656410256412,581.2036
2025-10-19,14.384415384615385,560.9922
2025-10-20,14.254015384615386,555.9066
2025-10-21,14.330720512820513,558.8981
2025-10-22,14.837679487179486,578.6695
2025-10-23,15.232089743589745,594.0515
2025-10-24,15.205153846153845,593.001
2025-10-25,14.935851282051281,582.4982
2025-10-26,14.659758974358974,571.7306
2025-10-27,14.834579487179486,578.5486
2025-10-28,14.654512820512819,571.526
2025-10-29,14.739133333333333,574.8262
2025-10-30,14.868417948717948,579.8683
2025-10-31,14.941169230769232,582.7056
2025-11-01,14.406976923076924,561.8721
2025-11-02,13.999623076923077,545.9853
2025-11-03,14.086635897435896,549.3788
2025-11-04,14.433307692307693,562.899
2025-11-05,15.154335897435898,591.0191
2025-11-06,15.652610256410258,610.4518
2025-11-07,15.86313076923077,618.6621
2025-11-08,15.628715384615385,609.5199
2025-11-09,15.319620512820512,597.4652
2025-11-10,15.464979487179486,603.1342
2025-11-11,15.279294871794873,595.8925
2025-11-12,15.732048717948718,613.5499
2025-11-13,16.299079487179487,635.6641
2025-11-14,16.643023076923075,649.0779
2025-11-15,16.821397435897435,656.0345
2025-11-16,16.775802564102566,654.2563
2025-11-17,16.87664358974359,658.1891
2025-11-18,16.978343589743588,662.1554
2025-11-19,17.81331282051282,694.7192
2025-11-20,18.3359,715.1001
2025-11-21,18.59452307692308,725.1864
2025-11-22,18.598771794871794,725.3521
2025-11-23,18.325258974358974,714.6851
2025-11-24,18.285497435897437,713.1344
2025-11-25,18.273646153846155,712.6722
2025-11-26,18.6087,725.7393
2025-11-27,19.023064102564103,741.8995
2025-11-28,19.193810256410256,748.5586
2025-11-29,19.0310358974359,742.2104
2025-11-30,18.776648717948717,732.2893
2025-12-01,18.71141282051282,729.7451
2025-12-02,18.666928205128205,728.0101999999999
2025-12-03,19.255433333333333,750.9619
2025-12-04,19.790315384615386,771.8223
2025-12-05,20.239279487179488,789.3319
2025-12-06,20.1972641025641,787.6933
2025-12-07,20.002033333333333,780.0793
2025-12-08,20.12261282051282,784.7819
2025-12-09,20.158579487179487,786.1846
2025-12-10,20.13038717948718,785.0851
2025-12-11,19.767476923076924,770.9316
2025-12-12,19.95422564102564,778.2148
2025-12-13,20.055528205128205,782.1656
2025-12-14,19.81592564102564,772.8211
2025-12-15,19.873566666666665,775.0690999999999
2025-12-16,20.023171794871793,780.9037
2025-12-17,21.024364102564103,819.9502
2025-12-18,21.74856666666667,848.1941
2025-12-19,22.07489487179487,860.9209
2025-12-20,22.177523076923077,864.9234
2025-12-21,21.66551282051282,844.955
2025-12-22,21.43356153846154,835.9089
2025-12-23,21.857451282051283,852.4406
2025-12-24,22.81369230769231,889.734
2025-12-25,23.580558974358976,919.6418
2025-12-26,23.694389743589742,924.0812
2025-12-27,23.25307692307692,906.87
2025-12-28,22.131002564102566,863.1091
2025-12-29,21.51350769230769,839.0268
2025-12-30,21.577266666666667,841.5134
2025-12-31,22.91497435897436,893.684
2026-01-01,24.0800358974359,939.1214
2026-01-02,24.71516923076923,963.8916
2026-01-03,24.151846153846154,941.922
2026-01-04,23.453533333333333,914.6878
2026-01-05,23.12342564102564,901.8136
2026-01-06,23.039353846153848,898.5348
2026-01-07,22.923712820512822,894.0248
2026-01-08,22.655153846153848,883.551
2026-01-09,22.466133333333335,876.1792
2026-01-10,22.068274358974357,860.6627
2026-01-11,21.691848717948716,845.9821
2026-01-12,21.862366666666667,852.6323
2026-01-13,22.094092307692307,861.6696
2026-01-14,22.58043076923077,880.6368
2026-01-15,22.948333333333334,894.985
2026-01-16,22.63957948717949,882.9436000000001
2026-01-17,22.148053846153847,863.7741
2026-01-18,21.83817435897436,851.6888
2026-01-19,21.70292564102564,846.4141
2026-01-20,21.75746923076923,848.5413
2026-01-21,22.058107692307694,860.2662
2026-01-22,22.478351282051282,876.6557
2026-01-23,22.442610256410255,875.2618
2026-01-24,22.10456153846154,862.0779
2026-01-25,22.021061538461538,858.8214
2026-01-26,22.011851282051282,858.4622
2026-01-27,21.891561538461538,853.7709
2026-01-28,22.39026923076923,873.2205
2026-01-29,22.879623076923078,892.3053
2026-01-30,22.76082564102564,887.6722
2026-01-31,22.375758974358973,872.6546
2026-02-01,21.796751282051282,850.0733
2026-02-02,21.251510256410256,828.8089
2026-02-03,20.606910256410256,803.6695
2026-02-04,20.70415641025641,807.4621
2026-02-05,21.068684615384615,821.6787
2026-02-06,21.61837435897436,843.1166000000001
2026-02-07,21.749446153846154,848.2284
2026-02-08,21.345151282051283,832.4609
2026-02-09,20.909864102564104,815.4847
2026-02-10,20.829220512820513,812.3396
2026-02-11,21.144335897435898,824.6291
2026-02-12,21.67497948717949,845.3242
2026-02-13,21.82651025641026,851.2339000000001
2026-02-14,21.527094871794873,839.5567
2026-02-15,21.044035897435897,820.7174
2026-02-16,20.63588205128205,804.7994
2026-02-17,20.3668,794.3052
2026-02-18,20.36243076923077,794.1348
2026-02-19,20.025384615384617,780.99
2026-02-20,19.9606,778.4634
2026-02-21,19.540792307692307,762.0909
2026-02-22,19.402248717948716,756.6877
2026-02-23,19.679492307692307,767.5002
2026-02-24,19.80983846153846,772.5837
2026-02-25,20.195684615384614,787.6317
2026-02-26,20.55035641025641,801.4639
2026-02-27,20.784623076923076,810.6003
2026-02-28,20.374410256410254,794.602
2026-03-01,19.76643333333333,770.8909
2026-03-02,19.32106153846154,753.5214
2026-03-03,18.542664102564103,723.1639
2026-03-04,18.628379487179487,726.5068
2026-03-05,18.84950256410256,735.1306
2026-03-06,19.015641025641028,741.61
2026-03-07,19.043215384615383,742.6854
2026-03-08,18.950558974358973,739.0717999999999
2026-03-09,18.96506666666667,739.6376
2026-03-10,18.83776153846154,734.6727
2026-03-11,19.452299999999997,758.6397
2026-03-12,19.700420512820514,768.3164
2026-03-13,19.397779487179488,756.5134
2026-03-14,18.595241025641023,725.2144
2026-03-15,18.49013846153846,721.1154
2026-03-16,18.65372564102564,727.4953
2026-03-17,18.776869230769233,732.2979
2026-03-18,19.213989743589742,749.3456
2026-03-19,19.000210256410256,741.0082
2026-03-20,18.80056153846154,733.2219
2026-03-21,18.79674358974359,733.073
2026-03-22,18.46314871794872,720.0628
2026-03-23,18.414071794871795,718.1487999999999
2026-03-24,18.026771794871795,703.0441
2026-03-25,17.98801794871795,701.5327
2026-03-26,17.934758974358974,699.4556
2026-03-27,18.296128205128205,713.549
2026-03-28,18.469692307692306,720.318
2026-03-29,18.182299999999998,709.1097
2026-03-30,18.129258974358976,707.0411
2026-03-31,18.06494358974359,704.5328
2026-04-01,18.24166153846154,711.4248
2026-04-02,18.10878717948718,706.2427
2026-04-03,17.81370512820513,694.7345
2026-04-04,17.238261538461536,672.2922
2026-04-05,16.935225641025642,660.4738
2026-04-06,16.995220512820513,662.8136
2026-04-07,16.971902564102564,661.9042
2026-04-08,17.231266666666667,672.0194
2026-04-09,17.400876923076922,678.6342
2026-04-10,17.289199999999997,674.2787999999999
2026-04-11,16.961248717948717,661.4887
2026-04-12,16.313935897435897,636.2435
2026-04-13,16.186833333333336,631.2865
2026-04-14,16.297925641025643,635.6191
2026-04-15,16.40057948717949,639.6226
2026-04-16,16.167535897435897,630.5339
2026-04-17,16.10069230769231,627.927
2026-04-18,15.836543589743588,617.6252
2026-04-19,15.419089743589744,601.3445
2026-04-20,15.468830769230768,603.2844
2026-04-21,15.448674358974358,602.4983
2026-04-22,15.894738461538463,619.8948
2026-04-23,16.13808974358974,629.3855
2026-04-24,16.153528205128207,629.9876
2026-04-25,15.990264102564103,623.6203
2026-04-26,15.738933333333334,613.8184
2026-04-27,15.837348717948718,617.6566
2026-04-28,15.648469230769232,610.2903
2026-04-29,15.295753846153847,596.5344
2026-04-30,15.657292307692309,610.6344
2026-05-01,16.312561538461537,636.1899
2026-05-02,16.108389743589743,628.2272
2026-05-03,15.13934871794872,590.4346
2026-05-04,14.672220512820513,572.2166
2026-05-05,14.571889743589745,568.3037
2026-05-06,15.02918717948718,586.1383
2026-05-07,15.178341025641025,591.9553
2026-05-08,15.067048717948719,587.6149
2026-05-09,14.838382051282052,578.6969
2026-05-10,14.092971794871795,549.6259
2026-05-11,13.91458717948718,542.6689
2026-05-12,13.681605128205128,533.5826
2026-05-13,13.772012820512822,537.1085
2026-05-14,14.195066666666667,553.6076
2026-05-15,13.973402564102566,544.9627
2026-05-16,13.727110256410256,535.3573
2026-05-17,13.165735897435898,513.4637
2026-05-18,12.900476923076923,503.1186
2026-05-19,12.661707692307692,493.8066
2026-05-20,12.737089743589744,496.74649999999997
2026-05-21,13.44145128205128,524.2166
2026-05-22,13.718571794871796,535.0243
2026-05-23,13.455061538461537,524.7474
2026-05-24,12.666648717948718,493.9993
2026-05-25,12.283517948717948,479.0572
2026-05-26,12.382925641025642,482.9341
2026-05-27,12.933061538461539,504.3894
2026-05-28,13.132153846153846,512.154
2026-05-29,13.454851282051282,524.7392
2026-05-30,12.944974358974358,504.854
2026-05-31,11.989117948717949,467.5756
2026-06-01,11.74998717948718,458.2495
2026-06-02,11.83607435897436,461.6069
2026-06-03,12.459953846153846,485.9382
2026-06-04,12.736382051282051,496.7189
2026-06-05,12.683923076923078,494.673
2026-06-06,12.663889743589744,493.8917
2026-06-07,12.43151794871795,484.8292
2026-06-08,12.127989743589744,472.9916
2026-06-09,11.991294871794873,467.6605
2026-06-10,12.486561538461538,486.9759
2026-06-11,13.141002564102564,512.4991
2026-06-12,13.501246153846154,526.5486
2026-06-13,13.364015384615385,521.1966
2026-06-14,12.554471794871795,489.6244
2026-06-15,12.056158974358974,470.1902
2026-06-16,12.095766666666666,471.7349
2026-06-17,12.829389743589743,500.3462
2026-06-18,13.428335897435899,523.7051
2026-06-19,13.554592307692307,528.6291
2026-06-20,13.507397435897436,526.7885
2026-06-21,12.775371794871795,498.2395
2026-06-22,11.989382051282051,467.5859
2026-06-23,11.745551282051283,458.0765
2026-06-24,12.308658974358973,480.0377
2026-06-25,12.973835897435897,505.9796
2026-06-26,13.636561538461539,531.8259
2026-06-27,13.632564102564102,531.67
2026-06-28,12.780602564102564,498.4435
2026-06-29,12.302697435897436,479.8052
2026-06-30,12.179776923076924,475.0113
2026-07-01,12.561982051282051,489.9173
2026-07-02,13.083379487179487,510.2518
2026-07-03,13.295823076923076,518.5371
2026-07-04,12.890669230769232,502.7361
2026-07-05,11.755346153846155,458.4585
2026-07-06,11.323756410256411,441.6265
2026-07-07,11.608107692307692,452.7162
2026-07-08,12.422171794871796,484.4647
2026-07-09,12.938464102564103,504.6001
2026-07-10,12.745435897435897,497.072
2026-07-11,12.345546153846154,481.4763
2026-07-12,11.460951282051282,446.9771
2026-07-13,10.789364102564104,420.78520000000003
2026-07-14,10.782489743589743,420.51709999999997
2026-07-15,11.533751282051282,449.8163
2026-07-16,12.116515384615385,472.5441
2026-07-17,12.114376923076923,472.46070000000003
2026-07-18,11.54288717948718,450.1726
2026-07-19,10.623651282051283,414.3224
2026-07-20,10.297864102564102,401.6167
2026-07-21,10.37427435897436,404.5967
2026-07-22,11.080092307692308,432.1236
2026-07-23,11.790582051282051,459.8327
2026-07-24,12.028525641025642,469.1125
2026-07-25,11.792741025641025,459.9169
2026-07-26,10.861946153846153,423.6159
2026-07-27,10.216307692307693,398.43600000000004
2026-07-28,10.231348717948718,399.0226
2026-07-29,10.973753846153846,427.9764
2026-07-30,11.425292307692308,445.5864
2026-07-31,11.389648717948718,444.1963
2026-08-01,11.112684615384616,433.3947
2026-08-02,10.265582051282053,400.3577
2026-08-03,9.9791,389.1849
2026-08-04,10.230207692307692,398.9781
2026-08-05,10.647002564102564,415.2331
2026-08-06,11.073294871794872,431.8585
2026-08-07,11.275766666666668,439.7549
2026-08-08,11.227300000000001,437.8647
2026-08-09,10.60266923076923,413.5041
2026-08-10,10.24421282051282,399.5243
2026-08-11,10.411684615384615,406.0557
2026-08-12,11.03076923076923,430.2
2026-08-13,11.385507692307693,444.0348
2026-08-14,11.556928205128205,450.7202
2026-08-15,11.606076923076923,452.637
2026-08-16,11.03892564102564,430.5181
2026-08-17,10.632246153846154,414.6576
2026-08-18,10.422153846153845,406.464
2026-08-19,10.670692307692308,416.157
2026-08-20,11.16057435897436,435.2624
2026-08-21,11.271607692307692,439.5927
2026-08-22,10.944389743589744,426.8312
2026-08-23,10.435666666666666,406.991
2026-08-24,10.425076923076922,406.578
2026-08-25,10.814923076923076,421.782
2026-08-26,11.38662564102564,444.0784
2026-08-27,11.784215384615385,459.5844
2026-08-28,11.821869230769229,461.05289999999997
2026-08-29,11.611430769230768,452.8458
2026-08-30,10.946148717948716,426.89979999999997
2026-08-31,10.514779487179487,410.0764
2026-09-01,10.454394871794872,407.7214
2026-09-02,11.146310256410256,434.7061
2026-09-03,11.946407692307693,465.9099
2026-09-04,12.421515384615384,484.4391
2026-09-05,12.203864102564102,475.9507
2026-09-06,11.61751794871795,453.08320000000003
2026-09-07,11.321530769230769,441.5397
2026-09-08,11.435364102564103,445.9792
2026-09-09,11.82066153846154,461.0058
2026-09-10,12.239976923076924,477.3591
2026-09-11,12.478358974358974,486.656
2026-09-12,12.471297435897437,486.3806
2026-09-13,11.923497435897435,465.0164
2026-09-14,11.712997435897435,456.8069
2026-09-15,11.651171794871795,454.3957
2026-09-16,12.07803076923077,471.0432
2026-09-17,12.559179487179486,489.808
2026-09-18,12.761884615384616,497.7135
2026-09-19,12.655115384615385,493.5495
2026-09-20,12.118210256410256,472.6102
2026-09-21,11.763453846153846,458.7747
2026-09-22,11.629946153846154,453.5679
2026-09-23,12.20986923076923,476.18489999999997
2026-09-24,12.617807692307691,492.0945
2026-09-25,12.484735897435897,486.9047
2026-09-26,12.004789743589743,468.1868
2026-09-27,11.484879487179487,447.9103
2026-09-28,11.650989743589744,454.3886
2026-09-29,11.644294871794871,454.1275
2026-09-30,12.006217948717948,468.2425
2026-10-01,12.27385641025641,478.6804
2026-10-02,12.36846923076923,482.3703
2026-10-03,12.292761538461539,479.4177
2026-10-04,12.457620512820512,485.8472
2026-10-05,13.065,509.53499999999997
2026-10-06,12.964976923076923,505.6341
2026-10-07,12.984825641025642,506.4082
2026-10-08,13.510189743589745,526.8974000000001
2026-10-09,13.95943076923077,544.4178
2026-10-10,13.941115384615383,543.7035
2026-10-11,13.475733333333332,525.5536
2026-10-12,13.345961538461538,520.4925
2026-10-13,13.186046153846155,514.2558
2026-10-14,13.773748717948719,537.1762
2026-10-15,14.197502564102564,553.7026
2026-10-16,14.554838461538461,567.6387
2026-10-17,14.628123076923076,570.4968
2026-10-18,14.036317948717947,547.4164
2026-10-19,13.808728205128205,538.5404
2026-10-20,13.841717948717948,539.827
2026-10-21,14.475048717948717,564.5269
2026-10-22,14.971728205128203,583.8974
2026-10-23,15.11835128205128,589.6157
2026-10-24,14.8177,577.8903
2026-10-25,14.239846153846155,555.354
2026-10-26,14.291541025641026,557.3701
2026-10-27,14.343389743589743,559.3922
2026-10-28,14.715925641025642,573.9211
2026-10-29,14.84141282051282,578.8151
2026-10-30,14.799317948717949,577.1734
2026-10-31,14.669035897435897,572.0924
2026-11-01,14.003905128205128,546.1523
2026-11-02,13.8691641025641,540.8974
2026-11-03,13.666328205128206,532.9868
2026-11-04,14.306515384615386,557.9541
2026-11-05,14.922692307692309,581.985
2026-11-06,15.20188205128205,592.8734
2026-11-07,15.236923076923077,594.24
2026-11-08,14.925323076923076,582.0876
2026-11-09,14.966497435897436,583.6934
2026-11-10,14.753251282051282,575.3768
2026-11-11,15.12268205128205,589.7846
2026-11-12,15.623261538461538,609.3072
2026-11-13,16.032233333333334,625.2571
2026-11-14,16.182402564102564,631.1137
2026-11-15,16.177058974358975,630.9053
2026-11-16,16.45070512820513,641.5775
2026-11-17,16.388053846153845,639.1341
2026-11-18,17.07209230769231,665.8116
2026-11-19,17.88393076923077,697.4733
2026-11-20,18.15023076923077,707.859
2026-11-21,18.15893076923077,708.1983
2026-11-22,17.96322564102564,700.5658
2026-11-23,17.968933333333332,700.7884
2026-11-24,17.860189743589746,696.5474
2026-11-25,18.33146153846154,714.927
2026-11-26,18.65097692307692,727.3881
2026-11-27,18.843258974358974,734.8871
2026-11-28,18.758246153846155,731.5716
2026-11-29,18.33509230769231,715.0686000000001
2026-11-30,18.273802564102564,712.6783
2026-12-01,18.38843846153846,717.1491
2026-12-02,18.94984358974359,739.0439
2026-12-03,19.55754871794872,762.7444
2026-12-04,19.869228205128206,774.8999
2026-12-05,20.067584615384614,782.6358
2026-12-06,19.73926923076923,769.8315
2026-12-07,19.782789743589746,771.5288
2026-12-08,19.99106923076923,779.6517
2026-12-09,20.49174358974359,799.178
2026-12-10,20.425766666666668,796.6049
2026-12-11,19.893951282051283,775.8641
2026-12-12,19.922687179487177,776.9848
2026-12-13,19.818964102564102,772.9396
2026-12-14,19.829297435897434,773.3426
2026-12-15,19.76317948717949,770.764
2026-12-16,20.570241025641028,802.2394
2026-12-17,21.580374358974357,841.6346
2026-12-18,22.036997435897437,859.4429
2026-12-19,22.06795384615385,860.6502
2026-12-20,21.75197435897436,848.327
2026-12-21,21.53984358974359,840.0539
2026-12-22,22.01181282051282,858.4607
2026-12-23,22.7931358974359,888.9323
2026-12-24,23.552748717948717,918.5572
2026-12-25,23.996164102564105,935.8504
2026-12-26,23.75377948717949,926.3974000000001
2026-12-27,22.809620512820512,889.5752
2026-12-28,21.957805128205127,856.3543999999999
2026-12-29,21.72919487179487,847.4386
2026-12-30,22.424407692307692,874.5519
2026-12-31,23.728446153846154,925.4094
2027-01-01,24.523305128205127,956.4089
2027-01-02,24.675612820512818,962.3489
2027-01-03,23.746558974358976,926.1158
2027-01-04,23.15783846153846,903.1557
2027-01-05,23.17591794871795,903.8608
2027-01-06,23.666523076923077,922.9944
2027-01-07,23.57077435897436,919.2602
2027-01-08,23.114066666666666,901.4485999999999
2027-01-09,22.68228717948718,884.6092
2027-01-10,22.1109,862.3251
2027-01-11,21.890176923076922,853.7169
2027-01-12,21.966584615384615,856.6968
2027-01-13,22.69643333333333,885.1609
2027-01-14,23.109828205128206,901.2833
2027-01-15,23.223453846153845,905.7147
2027-01-16,22.701092307692306,885.3426
2027-01-17,21.980153846153847,857.226
2027-01-18,22.03774871794872,859.4722
2027-01-19,22.21963846153846,866.5658999999999
2027-01-20,22.511251282051283,877.9388
2027-01-21,22.66316666666667,883.8635
2027-01-22,22.7797358974359,888.4097
2027-01-23,22.43916666666667,875.1275
2027-01-24,21.889566666666667,853.6931
2027-01-25,21.99808717948718,857.9254
2027-01-26,21.887776923076924,853.6233
2027-01-27,22.32490769230769,870.6714
2027-01-28,22.798823076923075,889.1541
2027-01-29,23.04562564102564,898.7794
2027-01-30,22.660584615384614,883.7628
2027-01-31,22.075246153846155,860.9346
2027-02-01,21.819333333333333,850.954
2027-02-02,21.441030769230768,836.2002
2027-02-03,21.13179487179487,824.14
2027-02-04,21.092769230769232,822.618
2027-02-05,21.168038461538462,825.5535
2027-02-06,21.41831794871795,835.3144
2027-02-07,21.244623076923077,828.5403
2027-02-08,21.15511794871795,825.0496
2027-02-09,21.177810256410257,825.9346
2027-02-10,21.60023076923077,842.409
2027-02-11,21.785997435897436,849.6539
2027-02-12,21.966197435897435,856.6817
2027-02-13,21.74426923076923,848.0265
2027-02-14,21.100838461538462,822.9327
2027-02-15,20.800851282051283,811.2332
2027-02-16,20.559805128205127,801.8324
2027-02-17,20.798628205128203,811.1465
2027-02-18,20.852546153846152,813.2493
2027-02-19,20.388171794871795,795.1387
2027-02-20,20.147815384615384,785.7648
2027-02-21,19.588923076923077,763.968
2027-02-22,19.780753846153846,771.4494
2027-02-23,19.98359230769231,779.3601
2027-02-24,20.470179487179486,798.337
2027-02-25,20.72467692307692,808.2624
2027-02-26,20.79041282051282,810.8261
2027-02-27,20.77039487179487,810.0454
2027-02-28,20.276571794871796,790.7863
2027-03-01,20.022353846153845,780.8718
2027-03-02,19.510661538461537,760.9158
2027-03-03,19.224271794871793,749.7466
2027-03-04,19.306141025641026,752.9395
2027-03-05,19.307666666666666,752.999
2027-03-06,19.21405641025641,749.3482
2027-03-07,19.020525641025642,741.8005
2027-03-08,19.251589743589744,750.812
2027-03-09,19.3926641025641,756.3139
2027-03-10,19.683107692307694,767.6412
2027-03-11,20.234064102564105,789.1285
2027-03-12,20.249284615384614,789.7221
2027-03-13,19.6674,767.0286
2027-03-14,18.835715384615384,734.5929
2027-03-15,18.963492307692306,739.5762
2027-03-16,19.123310256410257,745.8091
2027-03-17,19.502469230769233,760.5963
2027-03-18,19.737171794871795,769.7497
2027-03-19,19.26018717948718,751.1473
2027-03-20,18.848410256410254,735.088
2027-03-21,18.76562051282051,731.8592
2027-03-22,18.786828205128206,732.6863
2027-03-23,18.6626641025641,727.8439
2027-03-24,18.761623076923076,731.7033
2027-03-25,18.709574358974358,729.6734
2027-03-26,18.404458974358974,717.7739
2027-03-27,18.52578205128205,722.5055
2027-03-28,18.4146,718.1694
2027-03-29,18.53251282051282,722.768
2027-03-30,18.45541282051282,719.7610999999999
2027-03-31,18.7406,730.8834
2027-04-01,18.82813846153846,734.2974
2027-04-02,18.45358717948718,719.6899
2027-04-03,17.918769230769232,698.832
2027-04-04,17.132076923076923,668.151
2027-04-05,17.18523846153846,670.2243
2027-04-06,17.436656410256408,680.0296
2027-04-07,17.84494358974359,695.9528
2027-04-08,17.98868205128205,701.5586
2027-04-09,17.83997435897436,695.759
2027-04-10,17.422184615384616,679.4652
2027-04-11,16.835733333333334,656.5936
2027-04-12,16.498933333333333,643.4584
2027-04-13,16.244076923076925,633.519
2027-04-14,16.588515384615384,646.9521
2027-04-15,16.65137692307692,649.4037
2027-04-16,16.255792307692307,633.9759
2027-04-17,16.00130512820513,624.0509
2027-04-18,15.617533333333332,609.0838
2027-04-19,15.543682051282053,606.2036
2027-04-20,15.63185641025641,609.6424
2027-04-21,16.065502564102562,626.5545999999999
2027-04-22,16.383715384615382,638.9649
2027-04-23,16.29977948717949,635.6914
2027-04-24,16.00844358974359,624.3293
2027-04-25,15.441246153846155,602.2086
2027-04-26,15.510605128205128,604.9136
2027-04-27,15.831130769230768,617.4141
2027-04-28,16.166651282051284,630.4994
2027-04-29,15.7863,615.6657
2027-04-30,15.937789743589743,621.5738
2027-05-01,16.333858974358975,637.0205
2027-05-02,15.740520512820513,613.8803
2027-05-03,15.10794871794872,589.21
2027-05-04,14.917776923076925,581.7933
2027-05-05,15.270310256410257,595.5421
2027-05-06,15.602797435897436,608.5091
2027-05-07,15.455641025641025,602.77
2027-05-08,15.055094871794871,587.1487
2027-05-09,14.394687179487178,561.3928
2027-05-10,13.984038461538463,545.3775
2027-05-11,14.041615384615385,547.623
2027-05-12,14.243541025641026,555.4981
2027-05-13,14.277033333333334,556.8043
2027-05-14,14.436587179487178,563.0269
2027-05-15,13.958671794871794,544.3882
2027-05-16,13.311320512820512,519.1415
2027-05-17,13.111346153846153,511.3425
2027-05-18,13.159892307692308,513.2358
2027-05-19,13.451397435897437,524.6045
2027-05-20,13.479976923076924,525.7191
2027-05-21,13.891958974358973,541.7864
2027-05-22,13.834489743589744,539.5451
2027-05-23,13.101753846153846,510.9684
2027-05-24,12.608553846153844,491.73359999999997
2027-05-25,12.696728205128204,495.1724
2027-05-26,13.296828205128204,518.5763
2027-05-27,13.711715384615385,534.7569
2027-05-28,13.604517948717948,530.5762
2027-05-29,13.630176923076924,531.5769
2027-05-30,12.654166666666667,493.5125
2027-05-31,12.03727435897436,469.4537
2027-06-01,11.880323076923077,463.3326
2027-06-02,12.38556153846154,483.0369
2027-06-03,12.879058974358975,502.2833
2027-06-04,12.839320512820512,500.7335
2027-06-05,12.483430769230768,486.8538
2027-06-06,12.046489743589744,469.8131
2027-06-07,12.123838461538462,472.8297
2027-06-08,12.218543589743591,476.52320000000003
2027-06-09,12.672433333333332,494.2249
2027-06-10,13.098692307692307,510.849
2027-06-11,13.403382051282051,522.7319
2027-06-12,13.38453076923077,521.9967
2027-06-13,12.694023076923076,495.0669
2027-06-14,12.176733333333333,474.8926
2027-06-15,12.075102564102563,470.929
2027-06-16,12.719184615384616,496.0482
2027-06-17,13.378212820512822,521.7503
2027-06-18,13.630305128205128,531.5819
2027-06-19,13.403928205128205,522.7532
2027-06-20,12.817015384615384,499.8636
2027-06-21,12.40056923076923,483.62219999999996
2027-06-22,12.00317435897436,468.1238
2027-06-23,12.278489743589745,478.8611
2027-06-24,12.750979487179487,497.2882
2027-06-25,13.068951282051282,509.6891
2027-06-26,13.357171794871796,520.9297
2027-06-27,12.830748717948719,500.3992
2027-06-28,12.278635897435898,478.8668
2027-06-29,12.413941025641027,484.1437
2027-06-30,12.842566666666666,500.8601
2027-07-01,13.119,511.64099999999996
2027-07-02,13.273958974358974,517.6844
2027-07-03,13.10256923076923,511.0002
2027-07-04,12.103369230769232,472.0314
2027-07-05,11.280533333333334,439.9408
2027-07-06,11.410807692307692,445.0215
2027-07-07,12.23346923076923,477.1053
2027-07-08,12.939869230769231,504.6549
2027-07-09,13.092164102564103,510.5944
2027-07-10,12.543141025641026,489.1825
2027-07-11,11.614320512820512,452.9585
2027-07-12,11.057702564102565,431.2504
2027-07-13,10.92940512820513,426.2468
2027-07-14,11.469871794871795,447.325
2027-07-15,12.140948717948719,473.497
2027-07-16,12.364033333333333,482.1973
2027-07-17,11.98975641025641,467.6005
2027-07-18,10.849882051282052,423.1454
2027-07-19,10.239076923076924,399.324
2027-07-20,10.323107692307692,402.6012
2027-07-21,10.915582051282051,425.7077
2027-07-22,11.504946153846154,448.6929
2027-07-23,11.82696153846154,461.2515
2027-07-24,11.688264102564103,455.8423
2027-07-25,10.916007692307693,425.7243
2027-07-26,10.29121282051282,401.3573
2027-07-27,10.172951282051281,396.7451
2027-07-28,10.75474358974359,419.435
2027-07-29,11.414407692307693,445.1619
2027-07-30,11.509617948717947,448.8751
2027-07-31,11.119333333333334,433.654
2027-08-01,10.294135897435897,401.4713
2027-08-02,9.794423076923078,381.9825
2027-08-03,9.833766666666667,383.5169
2027-08-04,10.543730769230768,411.2055
2027-08-05,10.845125641025641,422.9599
2027-08-06,10.97211794871795,427.9126
2027-08-07,10.896858974358976,424.9775
2027-08-08,10.507158974358974,409.7792
2027-08-09,10.302805128205128,401.8094
2027-08-10,10.290566666666667,401.3321
2027-08-11,10.763117948717948,419.7616
2027-08-12,11.23211282051282,438.0524
2027-08-13,11.277566666666667,439.8251
2027-08-14,11.161125641025642,435.2839
2027-08-15,10.817215384615384,421.8714
2027-08-16,10.652592307692307,415.4511
2027-08-17,10.669928205128205,416.1272
2027-08-18,10.757107692307692,419.5272
2027-08-19,10.91805641025641,425.8042
2027-08-20,11.14758205128205,434.7557
2027-08-21,10.991130769230768,428.65409999999997
2027-08-22,10.289189743589743,401.2784
2027-08-23,10.148433333333333,395.7889
2027-08-24,10.614951282051281,413.9831
2027-08-25,11.329810256410257,441.8626
2027-08-26,11.766102564102564,458.878
2027-08-27,11.855864102564102,462.3787
2027-08-28,11.600410256410257,452.416
2027-08-29,10.928510256410258,426.2119
2027-08-30,10.631425641025642,414.6256
2027-08-31,10.697533333333334,417.2038
2027-09-01,10.973735897435898,427.9757
2027-09-02,11.425105128205129,445.5791
2027-09-03,11.79226153846154,459.89820000000003
2027-09-04,11.973907692307693,466.9824
2027-09-05,11.079471794871795,432.0994
2027-09-06,10.84868205128205,423.0986
2027-09-07,10.859717948717948,423.529
2027-09-08,11.516092307692308,449.12760000000003
2027-09-09,11.868438461538462,462.8691
2027-09-10,12.020225641025641,468.7888
2027-09-11,11.944097435897435,465.8198
2027-09-12,11.506551282051282,448.7555
2027-09-13,11.274271794871794,439.6966
2027-09-14,11.33864358974359,442.2071
2027-09-15,11.797594871794871,460.1062
2027-09-16,12.192251282051283,475.4978
2027-09-17,12.406871794871794,483.868
2027-09-18,12.324189743589743,480.6434
2027-09-19,11.806774358974359,460.4642
2027-09-20,11.57356923076923,451.3692
2027-09-21,11.473797435897435,447.4781
2027-09-22,11.911987179487179,464.5675
2027-09-23,12.483912820512822,486.87260000000003
2027-09-24,12.621574358974359,492.2414
2027-09-25,12.187348717948717,475.3066
2027-09-26,11.238543589743589,438.3032
2027-09-27,11.028315384615386,430.1043
2027-09-28,11.256715384615385,439.01189999999997
2027-09-29,11.738853846153846,457.8153
2027-09-30,12.049971794871794,469.9489
2027-10-01,12.060835897435897,470.3726
2027-10-02,11.909961538461538,464.4885
2027-10-03,11.608141025641025,452.7175
2027-10-04,12.028374358974359,469.1066
2027-10-05,12.477207692307692,486.6111
2027-10-06,12.89718717948718,502.9903
2027-10-07,12.988761538461537,506.5617
2027-10-08,13.382017948717948,521.8987
2027-10-09,13.65311282051282,532.4714
2027-10-10,13.42796923076923,523.6908
2027-10-11,13.304346153846154,518.8695
2027-10-12,12.993392307692307,506.7423
2027-10-13,13.403194871794872,522.7246
2027-10-14,13.956400000000002,544.2996
2027-10-15,14.125371794871795,550.8895
2027-10-16,14.222330769230767,554.6709
2027-10-17,13.959051282051282,544.403
2027-10-18,13.669258974358973,533.1011
2027-10-19,13.5506,528.4734
2027-10-20,14.136297435897436,551.3156
2027-10-21,14.75391282051282,575.4026
2027-10-22,14.996282051282051,584.855
2027-10-23,14.8668641025641,579.8077
2027-10-24,14.240330769230768,555.3729
2027-10-25,13.974505128205129,545.0057
2027-10-26,13.881825641025642,541.3912
2027-10-27,14.436941025641026,563.0407
2027-10-28,14.804928205128205,577.3922
2027-10-29,14.742864102564104,574.9717
2027-10-30,14.50413846153846,565.6614
2027-10-31,14.142389743589742,551.5532
2027-11-01,13.850971794871795,540.1879
2027-11-02,13.285625641025641,518.1394
2027-11-03,13.44906923076923,524.5137
2027-11-04,14.128405128205127,551.0078
2027-11-05,14.6059,569.6301
2027-11-06,14.725510256410256,574.2949
2027-11-07,14.633356410256411,570.7009
2027-11-08,14.696141025641026,573.1495
2027-11-09,14.317728205128205,558.3914
2027-11-10,14.644494871794873,571.1353
2027-11-11,15.070182051282053,587.7371
2027-11-12,15.410328205128204,601.0028
2027-11-13,15.61647435897436,609.0425
2027-11-14,15.588115384615385,607.9365
2027-11-15,15.881497435897437,619.3784
2027-11-16,15.94900512820513,622.0112
2027-11-17,16.420789743589744,640.4108
2027-11-18,17.066146153846155,665.5797
2027-11-19,17.601064102564102,686.4415
2027-11-20,17.585323076923075,685.8276
2027-11-21,17.40201794871795,678.6787
2027-11-22,17.48366923076923,681.8631
2027-11-23,17.365333333333336,677.248
2027-11-24,17.78424358974359,693.5855
2027-11-25,18.26861794871795,712.4761
2027-11-26,18.401523076923077,717.6594
2027-11-27,18.370679487179487,716.4565
2027-11-28,18.054015384615383,704.1066
2027-11-29,17.844976923076924,695.9541
2027-11-30,17.963020512820513,700.5578
2027-12-01,18.69409230769231,729.0696
2027-12-02,19.226658974358973,749.8397
2027-12-03,19.54961794871795,762.4351
2027-12-04,19.564305128205127,763.0079
2027-12-05,19.41881282051282,757.3337
2027-12-06,19.36004358974359,755.0417
2027-12-07,19.550766666666668,762.4799
2027-12-08,20.315484615384616,792.3039
2027-12-09,20.79854871794872,811.1434
2027-12-10,20.504671794871793,799.6822
2027-12-11,19.772192307692308,771.1155
2027-12-12,19.592058974358974,764.0903
2027-12-13,19.774989743589742,771.2246
2027-12-14,19.786984615384615,771.6924
2027-12-15,20.325179487179486,792.682
2027-12-16,21.10991282051282,823.2866
2027-12-17,21.81362564102564,850.7314
2027-12-18,21.939728205128205,855.6494
2027-12-19,21.666992307692308,845.0127
2027-12-20,21.656846153846153,844.617
2027-12-21,22.24115128205128,867.4049
2027-12-22,23.029799999999998,898.1622
2027-12-23,23.5469,918.3291
2027-12-24,23.91088205128205,932.5244
2027-12-25,24.014689743589745,936.5729
2027-12-26,23.29609230769231,908.5476
2027-12-27,22.67227435897436,884.2187
2027-12-28,22.489697435897437,877.0982
2027-12-29,22.814182051282053,889.7531
2027-12-30,23.379128205128204,911.786
2027-12-31,24.264289743589742,946.3072999999999
