house_id,predicted_30day_kwh,average_daily_kwh,peak_daily_kwh,estimated_saving_kwh
1.0,366.324,12.2108,15.363,1.812
2.0,560.052,18.668400000000002,21.883,1.142
3.0,531.861,17.7287,20.604,1.173
4.0,751.642,25.054733333333335,27.389,0.407
5.0,353.434,11.781133333333335,14.063,1.091
6.0,783.746,26.124866666666666,30.325,0.073
7.0,674.132,22.471066666666665,23.658,0.353
8.0,351.837,11.7279,14.061,0.986
9.0,557.479,18.582633333333334,20.784,0.827
10.0,572.026,19.067533333333333,20.448,0.684
11.0,804.405,26.813499999999998,29.886,0.148
12.0,350.933,11.697766666666666,14.023,0.976
13.0,483.559,16.118633333333335,18.395,1.043
14.0,666.038,22.201266666666665,25.992,0.038
15.0,424.374,14.145800000000001,15.892,0.884
16.0,448.769,14.958966666666667,17.436,1.081
17.0,273.118,9.103933333333334,10.431,0.832
18.0,380.758,12.691933333333333,14.063,0.721
19.0,512.869,17.095633333333335,19.679,0.128
20.0,387.31,12.910333333333334,13.953,0.54
21.0,619.909,20.663633333333333,22.086,0.46799999999999997
22.0,607.99,20.266333333333332,22.485,0.06
23.0,576.479,19.215966666666667,21.958,0.16099999999999998
24.0,512.414,17.080466666666666,18.917,0.742
25.0,306.294,10.2098,11.927,0.728
26.0,320.338,10.677933333333334,11.935,0.418
27.0,489.527,16.317566666666668,18.31,1.165
28.0,432.906,14.430200000000001,15.202,0.279
29.0,680.102,22.670066666666667,25.899,0.13
30.0,485.403,16.1801,18.766,4.907
31.0,751.832,25.061066666666665,27.394,0.22799999999999998
32.0,880.466,29.348866666666666,31.944,0.16899999999999998
33.0,372.076,12.402533333333334,13.463,0.289
34.0,446.443,14.881433333333332,17.165,1.114
35.0,705.277,23.509233333333334,29.067,0.012
36.0,436.233,14.5411,16.71,0.15
37.0,686.8100000000001,22.893666666666668,25.004,0.6990000000000001
38.0,382.591,12.753033333333333,13.745,0.40900000000000003
39.0,464.848,15.494933333333334,17.471,0.8300000000000001
