house_id,forecast_date,forecast_day,predicted_kwh,baseline_kwh,energy_status,assumed_occupancy,estimated_saving_kwh
1.0,2025-06-17,1,9.103,8.341,Normal,3.0,0.038
2.0,2025-06-17,1,16.638,16.683,Normal,7.0,0.0
3.0,2025-06-17,1,15.525,15.491,Normal,7.0,0.002
4.0,2025-06-17,1,24.715,25.134,Normal,6.0,0.0
5.0,2025-06-17,1,9.268,8.388,Normal,5.0,0.044
6.0,2025-06-17,1,30.325,32.912,Normal,7.0,0.0
7.0,2025-06-17,1,23.658,24.39,Normal,7.0,0.0
8.0,2025-06-17,1,9.229,8.938,Normal,3.0,0.015
9.0,2025-06-17,1,17.146,16.647,Normal,7.0,0.025
10.0,2025-06-17,1,17.945,18.28,Normal,5.0,0.0
11.0,2025-06-17,1,29.633,31.609,Normal,7.0,0.0
12.0,2025-06-17,1,9.655,9.217,Normal,3.0,0.022
13.0,2025-06-17,1,13.089,12.144,Normal,6.0,0.047
14.0,2025-06-17,1,25.992,27.407,Normal,3.0,0.0
15.0,2025-06-17,1,12.99,12.65,Normal,2.0,0.017
16.0,2025-06-17,1,11.434,10.84,Normal,6.0,0.03
17.0,2025-06-17,1,6.931,6.293,Normal,4.0,0.032
18.0,2025-06-17,1,12.281,12.145,Normal,5.0,0.007
19.0,2025-06-17,1,18.842,19.474,Normal,6.0,0.0
20.0,2025-06-17,1,12.761,12.472,Normal,5.0,0.014
21.0,2025-06-17,1,21.517,22.088,Normal,5.0,0.0
22.0,2025-06-17,1,22.174,23.243,Normal,5.0,0.0
23.0,2025-06-17,1,21.958,23.577,Normal,9.0,0.0
24.0,2025-06-17,1,16.84,16.98,Normal,7.0,0.0
25.0,2025-06-17,1,8.849,8.611,Normal,4.0,0.012
26.0,2025-06-17,1,10.177,10.02,Normal,4.0,0.008
27.0,2025-06-17,1,14.326,13.626,Normal,5.0,0.035
28.0,2025-06-17,1,14.11,14.131,Normal,2.0,0.0
29.0,2025-06-17,1,25.899,26.567,Normal,7.0,0.0
30.0,2025-06-17,1,9.454,3.994,High,3.0,0.546
31.0,2025-06-17,1,27.394,27.593,Normal,6.0,0.0
32.0,2025-06-17,1,30.825,31.88,Normal,5.0,0.0
33.0,2025-06-17,1,12.441,13.089,Normal,4.0,0.0
34.0,2025-06-17,1,12.588,11.984,Normal,6.0,0.03
35.0,2025-06-17,1,29.067,30.792,Normal,2.0,0.0
36.0,2025-06-17,1,16.163,17.077,Normal,3.0,0.0
37.0,2025-06-17,1,22.423,22.031,Normal,8.0,0.02
38.0,2025-06-17,1,12.722,12.931,Normal,5.0,0.0
39.0,2025-06-17,1,14.897,14.703,Normal,6.0,0.01
