feature,importance_mean,importance_std
kwh_rolling_7,6.28582710805684,0.05175328671739513
kwh_lag_1,0.04165818032748292,0.005193957154380981
day_of_week,0.0278094261175037,0.004370026236963887
occupancy,0.02207293085399853,0.0035563063254576547
type_of_windows,0.016500645084466914,0.004791047469466994
noof_rooms,0.008832235178516168,0.0008107919042365382
day_of_year,0.007913860465559308,0.0035388226823921346
winddir_mean,0.006584349053096905,0.004118870659728459
rh_min,0.005298990339461795,0.0017093161842719376
house_id,0.004864848220468065,0.0017395777799771414
slrkw_avg_max,0.0032907903531503857,0.0007442895994800685
rh_mean,0.0028649456964413567,0.0009916439183816313
ws_ms_avg_max,0.0023107431789328725,0.002830706865214416
bp_mbar_max,0.0021541669572492372,0.0014657145362352425
ws_gust_max_min,0.002119759635559215,0.0008490418830985078
ws_gust_max_mean,0.001972683422325816,0.0011239417721531583
curtain_block,0.001736017845249349,0.0010690824986182735
noof_windows,0.0009881032619646346,0.0011508881047510191
electric_heater,0.0008950178862271452,0.00019866397304423982
is_weekend,0.0007556400053833068,0.0005665800396078077
ws_ms_avg_min,0.0006075426164590114,0.00043811906663304256
ac,0.0005010768808050292,0.00023404709108284412
fan,0.0004463979926341288,0.00035135334971069123
day_of_month,0.00014681171046326824,0.0006543696340465769
diswasher,6.289675752779722e-06,3.2682113902383886e-05
eac,0.0,0.0
tv,0.0,0.0
play,0.0,0.0
microwave,0.0,0.0
oven,0.0,0.0
shaded,0.0,0.0
floor_type,0.0,0.0
area,0.0,0.0
washing_machine,0.0,0.0
boiler,0.0,0.0
noof_floors,0.0,0.0
wall,0.0,0.0
refrigratore,0.0,0.0
year,0.0,0.0
month,-2.2290145601511213e-05,0.0001215093427805978
orientation,-2.3835715666109536e-05,6.741758472689837e-05
slrmj_tot_sum,-0.00011694807132245355,0.0020538040441326856
fridge,-0.00028348277549272716,0.0005446763742002565
airtc_min,-0.0006365236417827935,0.0004465099665658608
bp_mbar_min,-0.0006586086407809333,0.0005066975134856817
shofaz,-0.0015002089538019847,0.0009506001241849281
kwh_lag_7,-0.0018521636905970418,0.0026414001228402192
ws_gust_max_max,-0.0021219077112724083,0.0006009173422317249
rh_max,-0.002161808733564752,0.0024267750255981438
airtc_mean,-0.0023700173335986507,0.001482603572580493
bp_mbar_mean,-0.0028197543281307524,0.0008466560642884113
airtc_max,-0.003548854078389563,0.0014927369560601082
slrkw_avg_mean,-0.004408245515123421,0.0013365978451986493
ws_ms_avg_mean,-0.005012126627537139,0.0014826372347483269
