timestamp,house_id,kwh,air_temperature,indoor_relative_humidity,occupancy,lighting_energy,plug_load_energy,ac_energy
2025-01-21,1,31.303,24.066,59.982,1,0.7724,1.8435,3.0295
2025-01-22,1,38.22,25.572,59.659,2,1.0561,2.6345,3.3128
2025-01-23,1,37.861,24.457,59.4,4,1.4179,3.1161,3.0269
2025-01-24,1,34.017,23.616,56.541,3,1.125,2.812,2.9656
2025-01-25,1,35.445,24.966,55.512,2,1.0532,2.3328,3.2663
2025-01-26,1,35.957,25.151,58.985,2,1.0368,2.4649,3.2299
2025-01-27,1,37.309,25.307,53.038,3,1.1555,2.9229,3.3928
2025-01-28,1,41.062,25.011,55.348,5,1.4087,3.6149,2.9204
2025-01-29,1,43.789,23.354,59.012,4,1.3053,3.1941,2.9924
2025-01-30,1,41.773,24.528,55.701,5,1.5004,3.4872,2.9354
2025-01-31,1,35.818,24.071,57.705,2,1.0011,2.232,2.9586
2025-02-01,1,35.88,24.52,58.462,2,0.9839,2.4892,3.1784
2025-02-02,1,38.772,24.88,56.758,6,1.6036,4.2878,3.5034
2025-02-03,1,37.934,24.219,57.311,4,1.3868,2.936,2.8313
2025-02-04,1,35.501,25.419,56.532,1,0.8933,1.8287,3.2407
2025-02-05,1,34.157,25.967,56.094,0,0.703,1.4575,3.8613
2025-02-06,1,40.384,25.884,56.13,6,1.6412,4.0785,3.2789
2025-02-07,1,32.79,25.452,56.703,4,1.3913,3.2334,3.8095
2025-02-08,1,33.095,25.638,57.161,5,1.4497,3.275,3.4572
2025-02-09,1,30.711,25.393,60.608,2,1.0666,2.3122,3.817
2025-02-10,1,29.119,26.023,56.924,1,0.9735,1.9089,3.7452
2025-02-11,1,35.546,25.622,56.667,5,1.4572,3.5519,4.1031
2025-02-12,1,37.084,26.279,54.46,5,1.4855,3.6018,4.1637
2025-02-13,1,30.247,26.017,58.202,2,1.0007,2.215,3.9479
2025-02-14,1,33.174,25.667,55.489,5,1.4228,3.4009,4.508
2025-02-15,1,31.606,26.7,54.839,4,1.3738,3.4062,4.2959
2025-02-16,1,26.347,26.109,53.371,0,0.8955,0.994,4.465
2025-02-17,1,35.994,26.575,56.12,5,1.5649,3.6331,4.3536
2025-02-18,1,31.496,26.668,54.555,0,0.8594,1.3036,4.6381
2025-02-19,1,39.1,26.335,60.435,5,1.5464,3.4222,4.4166
2025-02-20,1,39.924,26.763,53.412,5,1.4131,3.874,5.3072
2025-02-21,1,32.942,26.384,54.358,1,0.9099,1.7753,4.6687
2025-02-22,1,38.983,26.182,56.139,4,1.2772,3.4603,4.6968
2025-02-23,1,38.905,27.357,56.755,3,1.1408,2.6984,5.315
2025-02-24,1,38.549,26.958,55.915,3,1.1174,2.6013,4.9136
2025-02-25,1,39.92,26.206,52.87,2,1.0163,2.5274,5.5653
2025-02-26,1,36.783,27.433,57.582,0,0.7888,1.368,5.8262
2025-02-27,1,38.112,27.935,56.43,0,0.6735,1.1945,5.5998
2025-02-28,1,41.764,27.85,58.616,5,1.4197,3.4447,5.9006
2025-03-01,1,42.815,26.993,57.62,6,1.6864,4.054,5.7778
2025-03-02,1,39.271,27.016,57.933,3,1.1161,2.84,5.6758
2025-03-03,1,39.913,27.158,54.093,3,1.3188,2.982,5.9908
2025-03-04,1,38.889,26.673,59.247,0,0.6494,1.6808,5.8347
2025-03-05,1,43.494,27.976,57.491,6,1.8257,4.1045,5.8563
2025-03-06,1,41.773,26.92,54.886,5,1.4012,3.8835,6.2855
2025-03-07,1,39.147,26.831,59.471,6,1.6307,3.9342,5.6294
2025-03-08,1,37.074,28.579,55.126,5,1.47,3.7034,5.961
2025-03-09,1,35.068,28.202,55.648,4,1.3708,2.9652,6.5925
2025-03-10,1,35.705,28.124,56.073,4,1.3937,3.1321,6.5548
2025-03-11,1,37.48,27.915,55.513,5,1.528,3.5807,6.3623
2025-03-12,1,35.651,27.344,56.357,3,1.1756,2.7701,6.2624
2025-03-13,1,28.621,26.623,60.936,0,0.7847,1.441,6.7748
2025-03-14,1,31.614,28.155,55.422,3,1.1611,2.7808,6.7758
2025-03-15,1,33.138,28.894,56.226,4,1.3678,3.122,6.954
2025-03-16,1,34.731,26.727,54.593,5,1.4952,3.6008,6.8273
2025-03-17,1,38.862,27.461,50.026,6,1.7618,4.2845,7.2007
2025-03-18,1,40.1,28.15,55.291,5,1.4194,3.8973,7.3469
2025-03-19,1,33.874,27.91,53.519,0,0.8237,1.4114,6.7714
2025-03-20,1,33.048,28.181,56.382,0,0.787,1.3843,7.1886
2025-03-21,1,40.093,28.354,53.643,6,1.7208,3.9686,6.831
2025-03-22,1,40.169,28.274,52.636,6,1.7236,4.0432,6.9486
2025-03-23,1,32.602,27.689,53.968,0,0.6971,1.5491,6.7926
2025-03-24,1,34.091,27.69,57.894,0,0.632,1.4138,6.8035
2025-03-25,1,42.476,28.84,53.859,4,1.4486,3.09,7.2684
2025-03-26,1,46.767,28.841,53.924,6,1.6642,4.4492,7.3554
2025-03-27,1,43.06,28.369,60.236,4,1.2096,3.0736,7.1829
2025-03-28,1,38.386,28.081,53.335,1,0.7462,1.82,7.5462
2025-03-29,1,37.22,29.011,53.23,2,1.0016,2.1864,7.3771
2025-03-30,1,43.981,28.541,56.144,6,1.7753,4.0343,7.1838
2025-03-31,1,46.102,28.737,55.717,6,1.5935,3.7965,7.2628
2025-04-01,1,46.859,29.625,58.284,4,1.4007,3.4074,7.6308
2025-04-02,1,46.915,29.039,57.775,6,1.7165,4.0692,7.4632
2025-04-03,1,41.979,29.484,54.419,3,0.9916,3.0085,7.4512
2025-04-04,1,36.648,28.886,56.449,0,0.8155,1.2137,8.1368
2025-04-05,1,36.237,29.072,58.688,2,0.9969,2.5166,7.1
2025-04-06,1,37.609,28.218,59.766,4,1.2134,3.4414,7.4546
2025-04-07,1,33.364,28.586,53.642,1,0.771,1.961,7.4546
2025-04-08,1,39.653,28.715,56.482,3,1.1578,2.7551,7.8187
2025-04-09,1,32.854,28.785,53.711,0,0.7377,1.1809,7.4444
2025-04-10,1,31.455,28.819,54.27,0,0.7566,1.1592,7.2929
2025-04-11,1,31.994,29.661,52.876,2,0.9879,2.241,7.7448
2025-04-12,1,31.307,28.637,56.755,1,0.7954,1.8642,7.7551
2025-04-13,1,37.008,29.203,57.307,6,1.7793,4.2936,7.7888
2025-04-14,1,29.977,28.355,55.407,0,0.8344,1.4118,7.6519
2025-04-15,1,41.57,27.895,56.876,6,1.7479,3.9061,7.7971
2025-04-16,1,33.813,29.117,59.796,0,0.666,1.4212,7.9184
2025-04-17,1,40.693,28.084,57.751,5,1.6409,3.7283,8.2751
2025-04-18,1,33.871,28.648,60.976,1,0.8141,2.0743,7.7973
2025-04-19,1,28.836,28.953,57.003,0,0.8263,1.4658,8.0295
2025-04-20,1,34.869,29.589,56.572,2,1.0379,2.4442,7.7071
2025-04-21,1,41.184,29.52,51.193,4,1.3133,3.0632,7.8841
2025-04-22,1,40.296,28.682,55.48,3,1.2501,2.8802,7.7777
2025-04-23,1,40.055,29.163,57.427,2,0.9363,2.0473,8.0052
2025-04-24,1,43.384,29.614,58.232,4,1.2353,3.1932,7.7506
2025-04-25,1,38.391,29.162,53.096,1,0.9425,1.822,7.7531
2025-04-26,1,44.162,29.076,56.922,5,1.5449,3.5027,8.0275
2025-04-27,1,41.734,29.279,52.773,5,1.5156,3.4783,7.6806
2025-04-28,1,40.23,28.771,56.097,1,0.7283,1.9027,7.7454
2025-04-29,1,39.732,28.744,54.167,0,0.6569,1.4028,7.7837
2025-04-30,1,43.761,29.154,55.073,0,0.9006,1.2844,7.5926
2025-01-21,2,39.314,24.891,55.201,4,1.2672,3.3364,2.9473
2025-01-22,2,39.009,24.777,59.055,2,1.0978,2.3652,2.8889
2025-01-23,2,39.666,23.632,58.153,3,1.248,2.7818,3.0629
2025-01-24,2,37.075,24.731,57.665,2,1.0377,2.2376,3.0844
2025-01-25,2,40.6,24.259,59.133,5,1.3906,3.9186,2.9645
2025-01-26,2,39.015,24.825,56.791,3,1.3035,2.9579,3.1111
2025-01-27,2,36.867,24.903,57.877,0,0.727,1.3338,3.0631
2025-01-28,2,38.97,24.15,56.453,1,0.9168,1.7141,2.8569
2025-01-29,2,38.498,24.266,59.684,0,0.6441,1.5883,2.8574
2025-01-30,2,44.604,24.594,59.28,5,1.5677,3.7608,3.1344
2025-01-31,2,39.143,24.377,55.947,3,1.2412,2.646,3.01
2025-02-01,2,31.711,24.84,57.894,0,0.6668,1.2571,2.6608
2025-02-02,2,39.093,24.716,57.33,4,1.3921,3.1902,3.2758
2025-02-03,2,38.129,25.024,57.691,2,0.919,2.3809,2.9977
2025-02-04,2,44.325,25.297,59.551,5,1.4458,3.7071,3.6247
2025-02-05,2,35.474,24.189,61.064,0,0.6768,1.5648,3.1962
2025-02-06,2,36.928,24.958,55.108,3,1.075,2.814,3.7575
2025-02-07,2,31.782,26.362,56.366,1,0.7827,1.8348,3.6551
2025-02-08,2,30.505,25.396,55.838,0,0.6167,1.4109,4.0234
2025-02-09,2,32.438,25.923,58.351,1,0.8937,1.769,3.9791
2025-02-10,2,29.174,26.849,58.337,0,0.5831,1.469,3.6679
2025-02-11,2,36.206,26.473,56.662,4,1.2808,3.3729,3.7814
2025-02-12,2,36.748,26.454,57.218,4,1.3835,3.1405,4.4989
2025-02-13,2,31.079,26.143,60.648,1,0.7919,1.821,4.3061
2025-02-14,2,31.284,25.808,56.611,2,1.0239,2.3107,4.3441
2025-02-15,2,34.687,25.799,56.789,6,1.6564,4.0342,4.4776
2025-02-16,2,34.524,26.233,56.432,4,1.4703,3.2028,4.5336
2025-02-17,2,35.537,25.754,54.527,5,1.4864,3.5094,4.512
2025-02-18,2,40.757,25.875,59.851,5,1.6055,3.8582,4.8406
2025-02-19,2,43.138,26.39,59.182,4,1.3452,3.5741,4.6714
2025-02-20,2,37.552,26.877,59.528,3,1.0982,2.6773,4.5938
2025-02-21,2,38.15,26.443,56.429,2,1.0242,2.3834,4.4761
2025-02-22,2,35.194,26.79,57.854,1,0.9697,1.8343,4.4971
2025-02-23,2,38.45,26.48,54.688,2,1.0318,2.2458,4.7789
2025-02-24,2,38.518,27.065,55.912,1,0.9588,1.8439,5.22
2025-02-25,2,38.387,26.466,59.392,0,0.7518,1.503,5.4364
2025-02-26,2,47.788,26.939,56.252,6,1.5748,3.8192,5.0317
2025-02-27,2,47.771,27.391,55.045,6,1.6663,4.0349,5.7235
2025-02-28,2,38.328,27.301,57.007,1,0.8527,1.6647,5.5053
2025-03-01,2,38.875,27.186,53.886,2,1.0212,2.3859,5.8395
2025-03-02,2,42.358,26.298,56.909,4,1.2215,3.0633,6.3929
2025-03-03,2,45.137,27.073,55.346,6,1.4385,4.1361,5.9723
2025-03-04,2,38.409,26.74,58.33,0,0.5943,1.3658,5.6586
2025-03-05,2,47.193,26.712,56.883,6,1.6481,4.1824,5.9724
2025-03-06,2,41.065,28.22,57.411,2,1.0067,2.4572,5.8169
2025-03-07,2,37.154,27.186,57.904,2,0.9416,1.9721,6.3396
2025-03-08,2,33.582,28.163,58.719,1,0.8261,1.9287,5.8635
2025-03-09,2,37.983,27.124,56.768,6,1.7598,4.27,6.2144
2025-03-10,2,36.835,27.413,57.846,3,1.1539,2.8008,6.6492
2025-03-11,2,36.139,27.852,56.189,2,1.0481,2.2769,6.6122
2025-03-12,2,42.63,28.035,57.159,6,1.7272,4.1223,6.6137
2025-03-13,2,31.744,27.992,54.98,0,0.6495,1.5837,6.6407
2025-03-14,2,34.357,27.759,51.473,5,1.5769,3.6312,6.5752
2025-03-15,2,36.474,27.341,56.873,5,1.5372,3.7944,6.5556
2025-03-16,2,34.212,28.168,55.765,3,1.0322,2.5872,7.0464
2025-03-17,2,39.408,28.08,55.125,6,1.5168,4.2404,6.1858
2025-03-18,2,41.368,28.641,56.591,6,1.513,3.9798,6.5998
2025-03-19,2,36.927,28.599,53.681,1,0.8841,1.8737,7.0838
2025-03-20,2,36.694,28.487,55.743,1,0.7398,1.4543,6.9933
2025-03-21,2,36.429,29.153,55.018,1,0.9792,1.781,7.0578
2025-03-22,2,38.779,29.896,55.414,3,1.0601,2.9829,7.1101
2025-03-23,2,38.655,28.178,56.679,3,1.0758,2.7206,6.8117
2025-03-24,2,40.014,28.656,54.837,1,0.9874,1.8948,7.048
2025-03-25,2,43.79,28.541,56.544,2,1.0748,2.3201,7.3194
2025-03-26,2,45.946,28.094,55.535,4,1.3018,3.2587,7.3013
2025-03-27,2,45.946,29.168,55.252,4,1.3006,2.9813,7.0792
2025-03-28,2,41.955,28.474,57.052,2,1.0713,2.2163,7.398
2025-03-29,2,42.347,29.075,55.723,2,1.0182,2.5017,7.3209
2025-03-30,2,39.181,28.045,57.247,1,0.9493,1.7813,7.5442
2025-03-31,2,39.75,28.647,59.852,0,0.6234,1.5719,7.4326
2025-04-01,2,43.093,27.958,53.283,1,0.7734,1.7907,7.6705
2025-04-02,2,43.937,28.145,57.575,2,1.0194,2.2187,7.6602
2025-04-03,2,47.398,27.983,59.556,6,1.6535,4.0392,7.8013
2025-04-04,2,46.996,29.155,54.491,6,1.7661,4.2248,7.4737
2025-04-05,2,42.417,27.962,55.304,5,1.5263,3.5252,7.5679
2025-04-06,2,34.219,28.588,55.448,0,0.6758,1.5542,7.1333
2025-04-07,2,40.132,28.673,57.737,3,1.3237,2.8493,7.5178
2025-04-08,2,39.078,27.77,57.527,1,0.7534,1.7264,7.7585
2025-04-09,2,36.723,28.856,58.549,1,0.7093,1.3997,7.2847
2025-04-10,2,35.613,29.022,57.058,1,0.816,1.6838,7.5846
2025-04-11,2,33.181,28.856,54.207,0,0.6503,1.2695,7.5712
2025-04-12,2,37.962,29.455,54.389,4,1.4141,3.5214,7.7765
2025-04-13,2,35.814,28.575,54.561,4,1.2374,3.1693,7.583
2025-04-14,2,31.467,28.201,55.193,0,0.7426,1.3821,7.2872
2025-04-15,2,33.85,28.402,56.251,0,0.7205,1.2819,7.827
2025-04-16,2,43.245,28.733,57.243,5,1.5654,3.7923,7.6234
2025-04-17,2,34.302,28.782,57.063,0,0.6821,1.0368,7.7085
2025-04-18,2,36.557,29.508,59.266,3,1.087,2.6655,7.5644
2025-04-19,2,37.108,28.943,58.708,2,0.9622,2.1264,8.1221
2025-04-20,2,37.451,28.838,52.958,4,1.2355,3.2256,7.9359
2025-04-21,2,43.082,28.936,58.987,5,1.6192,3.7474,7.5289
2025-04-22,2,48.278,28.781,53.845,6,1.5824,4.326,7.5552
2025-04-23,2,41.675,27.763,55.7,1,0.8121,1.9352,7.2857
2025-04-24,2,43.88,28.65,55.299,4,1.4083,3.2933,7.4687
2025-04-25,2,43.375,29.101,56.127,3,1.1789,2.7967,7.7167
2025-04-26,2,42.632,29.223,54.674,4,1.1851,3.22,7.5417
2025-04-27,2,41.456,29.59,58.596,2,1.0643,2.0833,7.832
2025-04-28,2,40.81,30.242,54.684,1,0.8407,2.0088,7.7365
2025-04-29,2,44.679,28.838,53.613,2,1.0477,2.3401,7.6992
2025-04-30,2,47.669,28.766,53.544,4,1.512,3.167,7.8813
2025-01-21,3,38.155,23.797,57.05,2,1.0072,2.2389,3.2929
2025-01-22,3,47.138,24.099,56.126,6,1.7754,3.9696,3.1406
2025-01-23,3,38.997,24.447,55.13,1,0.9288,1.6609,3.098
2025-01-24,3,37.133,22.969,58.788,1,0.7853,1.7037,3.1787
2025-01-25,3,41.388,24.507,59.104,3,1.2174,2.9589,3.0042
2025-01-26,3,43.553,25.092,60.943,5,1.415,3.6488,3.1683
2025-01-27,3,44.495,24.007,56.865,3,1.3498,2.7923,3.1382
2025-01-28,3,41.997,23.493,55.067,1,0.9605,1.8911,2.9434
2025-01-29,3,41.659,24.023,57.272,0,0.7734,1.5493,3.1442
2025-01-30,3,42.497,24.662,58.796,3,1.2304,2.9368,3.5296
2025-01-31,3,44.731,24.421,56.092,6,1.6611,4.0649,3.2569
2025-02-01,3,38.429,24.632,55.49,2,0.9912,2.1157,3.0185
2025-02-02,3,40.771,25.106,59.248,4,1.425,3.1707,3.1255
2025-02-03,3,44.315,24.903,58.887,5,1.4671,3.7278,3.0288
2025-02-04,3,43.481,24.584,59.129,5,1.6217,3.4769,2.9631
2025-02-05,3,36.828,25.061,54.623,0,0.7497,1.3994,3.3118
2025-02-06,3,39.018,25.179,60.652,1,0.7542,1.9694,3.477
2025-02-07,3,33.709,25.812,59.006,0,0.7866,1.3218,3.4438
2025-02-08,3,35.017,24.761,54.456,3,0.9771,2.8393,3.6622
2025-02-09,3,38.489,26.822,55.044,5,1.4618,3.5492,3.8546
2025-02-10,3,37.015,25.776,57.164,5,1.4336,3.3988,3.834
2025-02-11,3,39.871,26.298,55.607,6,1.5037,4.3604,3.884
2025-02-12,3,35.844,26.313,55.675,1,0.8013,1.7689,4.2002
2025-02-13,3,38.302,25.285,56.917,4,1.3823,3.3118,4.2591
2025-02-14,3,35.726,26.075,58.26,2,0.9869,2.4917,3.9462
2025-02-15,3,32.209,26.502,57.661,1,0.8284,1.5999,4.3618
2025-02-16,3,34.48,25.774,56.595,1,0.7367,2.1578,4.2162
2025-02-17,3,39.721,26.548,56.592,4,1.39,3.077,4.9794
2025-02-18,3,40.135,26.776,56.388,3,1.3063,2.7303,5.1048
2025-02-19,3,44.701,26.648,57.867,6,1.5745,4.1321,4.7645
2025-02-20,3,44.22,26.221,57.148,5,1.4945,3.6365,4.7601
2025-02-21,3,39.866,25.957,62.136,1,0.7473,1.7623,4.8141
2025-02-22,3,43.005,26.787,57.641,5,1.5267,3.8355,5.332
2025-02-23,3,43.676,26.965,53.029,6,1.6679,3.9809,5.068
2025-02-24,3,47.238,27.408,53.332,5,1.4019,3.5226,5.4889
2025-02-25,3,47.931,26.657,59.813,4,1.2782,3.4248,4.9184
2025-02-26,3,51.165,27.237,54.801,6,1.7356,4.2373,5.4221
2025-02-27,3,47.051,26.977,57.238,5,1.5433,3.6806,5.6616
2025-02-28,3,49.226,26.076,53.833,6,1.7914,4.0289,5.5641
2025-03-01,3,47.846,27.679,55.526,6,1.6892,3.6655,5.3684
2025-03-02,3,45.997,26.927,57.289,5,1.5172,3.7333,5.6129
2025-03-03,3,39.322,27.947,59.038,0,0.8217,1.607,5.6678
2025-03-04,3,48.477,28.062,57.57,5,1.4493,3.7138,5.5753
2025-03-05,3,50.019,27.001,59.716,5,1.5567,3.4427,5.9716
2025-03-06,3,43.612,28.109,56.308,4,1.3894,3.572,5.8135
2025-03-07,3,40.178,27.787,54.007,2,1.0043,2.2902,6.3289
2025-03-08,3,33.697,27.299,55.567,0,1.0221,1.5037,6.1668
2025-03-09,3,38.795,27.598,55.918,2,0.9772,2.2976,6.657
2025-03-10,3,41.806,26.522,53.903,4,1.3361,2.941,6.4599
2025-03-11,3,39.409,28.155,54.645,3,1.1712,2.8602,6.2209
2025-03-12,3,39.154,28.308,55.332,2,0.9311,2.0972,6.6053
2025-03-13,3,44.171,28.562,55.179,6,1.5964,4.3041,6.101
2025-03-14,3,38.398,28.277,57.941,5,1.4347,3.6185,6.2219
2025-03-15,3,37.793,28.291,57.496,3,1.096,2.8514,6.7217
2025-03-16,3,35.164,27.936,58.291,2,1.0984,2.1069,6.6388
2025-03-17,3,39.207,28.656,57.039,4,1.3908,3.2588,6.6846
2025-03-18,3,41.659,27.869,56.829,4,1.3245,2.9385,6.7959
2025-03-19,3,46.092,28.187,59.278,5,1.4075,3.756,7.3904
2025-03-20,3,39.483,28.198,53.82,2,0.9871,2.1969,6.719
2025-03-21,3,36.065,29.212,57.038,0,0.601,1.2977,6.9127
2025-03-22,3,36.351,29.216,56.513,1,0.8935,1.9318,6.9735
2025-03-23,3,39.589,28.66,53.889,0,0.7529,1.43,7.2056
2025-03-24,3,38.497,28.446,54.894,0,0.6495,1.4245,6.7811
2025-03-25,3,47.497,28.284,56.729,3,1.0438,2.8246,6.947
2025-03-26,3,51.345,28.794,53.729,6,1.5867,4.2903,7.1979
2025-03-27,3,49.41,28.953,53.949,6,1.5569,4.1613,6.9672
2025-03-28,3,42.587,28.36,56.993,0,0.6505,1.2644,7.7288
2025-03-29,3,47.644,28.556,57.08,5,1.3915,3.5491,7.352
2025-03-30,3,47.839,28.843,56.409,5,1.4869,3.6056,7.2587
2025-03-31,3,50.641,28.745,56.296,5,1.4057,3.5002,7.5027
2025-04-01,3,48.382,28.616,55.062,4,1.2491,3.3963,7.4858
2025-04-02,3,49.683,28.358,54.818,4,1.4449,3.1697,7.5124
2025-04-03,3,45.959,28.773,56.248,3,1.0557,2.7879,7.4949
2025-04-04,3,45.472,29.022,56.367,4,1.447,3.0231,7.4519
2025-04-05,3,39.273,28.648,56.756,2,1.0691,2.4696,7.49
2025-04-06,3,38.098,28.739,57.251,1,0.8925,1.9105,7.5409
2025-04-07,3,40.986,28.754,57.266,2,0.9395,2.4144,7.4577
2025-04-08,3,44.606,28.834,58.94,5,1.4666,3.6768,7.7963
2025-04-09,3,45.726,29.047,55.267,5,1.4648,3.8168,7.5175
2025-04-10,3,42.907,28.911,52.998,5,1.5415,3.438,7.8449
2025-04-11,3,40.24,29.162,53.196,4,1.4142,3.079,7.5551
2025-04-12,3,35.935,28.009,50.91,2,1.1812,2.3793,7.8983
2025-04-13,3,33.83,29.382,57.122,1,0.9035,1.8172,7.7991
2025-04-14,3,42.397,28.919,53.391,4,1.5196,3.5357,8.1615
2025-04-15,3,42.255,28.358,58.096,4,1.2157,3.4255,8.0475
2025-04-16,3,37.279,28.558,54.587,0,0.5543,1.5418,7.3747
2025-04-17,3,37.069,27.793,52.903,1,0.8333,1.9757,7.467
2025-04-18,3,41.879,28.843,51.385,5,1.6439,3.9625,7.8138
2025-04-19,3,41.388,29.143,57.499,5,1.519,3.6481,7.6533
2025-04-20,3,43.42,28.915,53.797,4,1.3761,3.1293,7.8305
2025-04-21,3,37.048,28.952,57.59,0,0.6624,1.4042,8.2808
2025-04-22,3,44.153,29.782,58.664,2,0.9572,2.2681,7.8824
2025-04-23,3,42.36,29.239,56.648,1,0.8312,1.7389,7.7408
2025-04-24,3,42.686,28.755,54.981,0,0.6463,1.4748,7.5073
2025-04-25,3,41.876,29.045,58.073,0,0.7117,1.4948,7.8324
2025-04-26,3,48.124,28.597,52.431,5,1.5807,3.6368,7.9773
2025-04-27,3,42.234,29.187,53.931,0,0.6757,1.5405,7.7261
2025-04-28,3,51.126,29.232,56.341,6,1.6301,4.1349,8.0578
2025-04-29,3,53.005,28.605,55.863,6,1.7979,4.2803,7.7665
2025-04-30,3,49.027,29.432,55.43,4,1.3648,3.3276,7.9194
2025-01-21,4,45.292,24.47,57.784,4,1.4469,3.4195,3.0659
2025-01-22,4,46.915,23.917,60.714,4,1.3982,3.0008,3.5025
2025-01-23,4,46.04,23.7,55.825,5,1.4777,3.6995,3.1859
2025-01-24,4,40.842,24.701,58.617,2,0.9773,2.3219,2.6642
2025-01-25,4,44.144,24.174,59.018,4,1.2465,3.2024,3.1403
2025-01-26,4,47.291,25.537,58.364,6,1.7802,4.1308,2.5917
2025-01-27,4,49.096,24.643,55.155,5,1.4819,3.6644,3.0486
2025-01-28,4,40.574,24.824,60.246,0,0.6906,1.3475,2.8327
2025-01-29,4,48.255,25.776,61.761,3,1.2349,2.688,2.9389
2025-01-30,4,42.516,24.132,60.59,1,0.9244,1.8553,3.0524
2025-01-31,4,43.35,24.355,55.323,3,1.1566,2.5296,2.9907
2025-02-01,4,36.262,24.033,56.798,0,0.6743,1.3075,3.2623
2025-02-02,4,43.32,24.889,57.507,4,1.3723,3.1192,2.902
2025-02-03,4,43.351,25.471,60.565,3,1.1541,2.742,3.8509
2025-02-04,4,46.094,25.44,58.718,5,1.5232,3.6791,3.3572
2025-02-05,4,41.557,25.23,61.445,2,1.1169,2.3456,3.6457
2025-02-06,4,42.184,26.354,59.247,3,1.1183,2.6775,4.0762
2025-02-07,4,43.682,25.007,57.728,5,1.5197,3.6042,3.8652
2025-02-08,4,36.205,25.382,56.572,1,0.8496,1.776,3.98
2025-02-09,4,38.648,25.204,57.665,4,1.2433,3.0657,3.8562
2025-02-10,4,36.135,25.978,55.772,3,1.2164,2.4549,3.6692
2025-02-11,4,38.384,25.998,53.563,3,1.1825,2.9959,4.4367
2025-02-12,4,43.681,26.281,55.154,6,1.6509,4.2842,4.2639
2025-02-13,4,41.514,25.937,52.609,5,1.4398,3.5264,4.2285
2025-02-14,4,40.815,26.499,56.712,5,1.5432,3.6724,4.2321
2025-02-15,4,34.796,25.494,55.914,0,0.6952,1.5743,4.121
2025-02-16,4,36.18,26.289,56.301,2,1.195,2.2245,4.3642
2025-02-17,4,38.493,26.837,56.3,2,1.0094,1.7706,4.5956
2025-02-18,4,42.028,25.801,59.541,3,1.2453,2.5848,4.8642
2025-02-19,4,40.693,26.993,56.518,1,0.972,1.8772,5.1368
2025-02-20,4,41.599,26.984,55.551,2,1.0373,2.3992,4.9147
2025-02-21,4,38.227,26.552,60.286,0,0.6533,1.1247,5.0653
2025-02-22,4,41.525,26.072,57.902,2,0.9985,2.285,5.3955
2025-02-23,4,44.044,27.104,54.365,3,1.1911,2.5806,4.724
2025-02-24,4,46.069,26.713,55.989,5,1.515,3.7404,5.3514
2025-02-25,4,46.997,27.658,57.729,2,0.9872,2.3054,5.4725
2025-02-26,4,49.786,27.084,58.916,5,1.4842,3.2225,5.2867
2025-02-27,4,52.153,27.159,56.937,4,1.3957,3.4095,5.4443
2025-02-28,4,45.941,27.03,53.98,3,1.1502,2.8388,5.2955
2025-03-01,4,42.508,27.778,55.674,1,0.9249,1.9462,5.9042
2025-03-02,4,46.192,27.005,53.813,4,1.2429,3.2014,5.9924
2025-03-03,4,42.162,27.022,56.079,1,0.9058,1.7784,5.6365
2025-03-04,4,46.283,28.074,58.837,1,0.8008,2.0354,5.7004
2025-03-05,4,42.978,27.913,56.566,0,0.5801,1.7434,6.0191
2025-03-06,4,45.865,27.486,57.831,3,1.127,2.7978,5.7003
2025-03-07,4,47.611,28.303,56.961,6,1.6483,4.0624,5.8529
2025-03-08,4,39.314,27.228,55.258,3,1.2146,2.7512,5.7602
2025-03-09,4,35.673,26.765,52.067,1,0.9726,1.9052,6.205
2025-03-10,4,38.849,28.342,56.315,1,0.8041,1.9796,6.1619
2025-03-11,4,45.226,27.449,55.602,4,1.2848,3.4127,6.3612
2025-03-12,4,45.166,27.626,59.082,5,1.5348,3.6697,6.2901
2025-03-13,4,34.652,28.21,58.163,0,0.6838,1.1755,6.0619
2025-03-14,4,35.466,26.6,53.917,0,0.7109,1.3903,6.6553
2025-03-15,4,33.209,27.832,55.55,0,0.734,1.646,7.0298
2025-03-16,4,37.798,28.663,53.042,1,0.941,1.9026,6.7108
2025-03-17,4,39.135,28.012,58.468,1,0.8965,1.7976,6.9206
2025-03-18,4,40.564,28.399,55.427,1,0.9931,1.7376,6.7212
2025-03-19,4,50.259,27.979,55.064,6,1.8107,4.1633,6.9766
2025-03-20,4,40.013,28.111,55.911,0,0.6862,1.1767,7.0859
2025-03-21,4,46.214,27.403,55.867,5,1.5609,3.4796,7.0036
2025-03-22,4,45.501,27.512,57.418,6,1.6506,3.9255,7.3625
2025-03-23,4,37.449,27.861,56.296,0,0.6669,1.1743,7.1868
2025-03-24,4,43.706,28.616,54.86,3,1.2836,2.9154,7.0661
2025-03-25,4,50.563,29.427,58.934,5,1.5987,3.7194,6.8545
2025-03-26,4,48.317,28.729,53.142,1,0.9354,1.7853,6.9023
2025-03-27,4,49.318,28.982,55.196,2,0.9283,2.6071,7.236
2025-03-28,4,52.215,28.51,54.901,6,1.7757,4.3194,6.8155
2025-03-29,4,44.322,28.355,53.861,2,1.0409,2.0976,7.2092
2025-03-30,4,51.619,28.363,55.77,6,1.7859,4.174,7.8139
2025-03-31,4,44.618,29.025,59.416,1,0.8138,1.8233,7.583
2025-04-01,4,47.737,29.754,57.052,2,1.0912,2.495,7.4115
2025-04-02,4,47.56,29.228,52.819,1,0.7459,1.9348,7.8798
2025-04-03,4,49.061,29.012,51.869,5,1.3501,3.7671,7.1195
2025-04-04,4,48.313,28.234,57.972,5,1.4873,3.7355,7.6719
2025-04-05,4,40.368,28.805,56.967,0,0.7715,1.4468,7.2747
2025-04-06,4,40.564,28.332,54.862,2,0.9964,2.1965,7.8167
2025-04-07,4,49.887,28.263,55.16,6,1.7443,3.8539,7.9582
2025-04-08,4,47.13,29.746,50.765,5,1.4942,3.8184,8.0424
2025-04-09,4,44.661,28.214,51.344,2,0.9866,2.4729,7.9917
2025-04-10,4,40.804,28.816,57.517,1,0.9007,1.5993,7.1711
2025-04-11,4,41.143,29.424,53.215,2,1.0491,2.2876,7.3188
2025-04-12,4,35.381,28.271,55.108,0,0.6764,1.4539,7.4417
2025-04-13,4,35.792,27.944,55.632,0,0.6106,1.6469,7.7544
2025-04-14,4,45.039,29.144,54.573,6,1.6969,4.1291,7.2148
2025-04-15,4,40.466,27.613,58.331,1,0.6806,1.7005,7.491
2025-04-16,4,40.711,28.179,54.862,2,1.1341,2.3011,7.9996
2025-04-17,4,44.377,29.58,58.631,5,1.5083,3.4823,7.8091
2025-04-18,4,38.15,29.77,61.209,2,1.0587,2.2048,7.1572
2025-04-19,4,39.905,29.032,53.693,2,1.0724,2.5223,7.7456
2025-04-20,4,41.037,29.218,54.495,0,0.6541,1.4618,7.8449
2025-04-21,4,43.207,29.025,58.052,1,0.902,1.7416,7.8988
2025-04-22,4,51.2,28.281,60.565,4,1.4542,3.3766,7.9906
2025-04-23,4,43.621,28.741,58.492,0,0.6549,1.4842,8.1056
2025-04-24,4,48.206,28.627,55.948,2,1.0051,2.4281,8.6523
2025-04-25,4,45.425,29.982,53.162,2,0.9448,2.3701,7.9005
2025-04-26,4,45.549,29.198,54.287,1,0.8504,1.9459,8.003
2025-04-27,4,43.254,28.522,57.863,1,0.9334,1.9857,8.1489
2025-04-28,4,44.434,28.751,57.411,0,0.4879,1.4738,8.0245
2025-04-29,4,54.15,28.814,53.622,6,1.6206,3.9976,7.5623
2025-04-30,4,48.712,28.091,59.524,2,0.9885,2.3516,7.5878
2025-01-21,5,46.934,23.403,54.819,5,1.5147,3.8114,2.5533
2025-01-22,5,47.89,24.401,57.394,3,1.2661,2.683,2.9881
2025-01-23,5,43.206,24.346,56.364,2,0.9538,2.3631,3.1288
2025-01-24,5,48.936,24.811,57.61,6,1.7036,4.2247,3.1194
2025-01-25,5,48.623,23.444,56.06,6,1.4044,4.0895,2.7946
2025-01-26,5,46.141,24.499,56.474,4,1.3776,3.0455,3.1023
2025-01-27,5,46.462,24.09,58.92,2,1.0274,2.1779,2.8855
2025-01-28,5,44.033,24.947,57.335,1,0.8291,1.8345,2.7477
2025-01-29,5,51.934,24.3,59.581,5,1.5295,3.8125,3.149
2025-01-30,5,51.037,25.068,57.777,6,1.6798,4.1144,2.955
2025-01-31,5,43.475,24.574,58.518,0,0.7089,1.6519,2.8439
2025-02-01,5,48.158,24.587,59.756,5,1.5987,3.606,3.4459
2025-02-02,5,48.608,24.856,56.752,6,1.7338,3.9413,3.0967
2025-02-03,5,45.146,25.697,62.179,3,1.1987,2.7407,3.5297
2025-02-04,5,42.537,25.56,54.09,1,0.9439,2.0855,3.1388
2025-02-05,5,44.943,24.709,56.142,4,1.3185,3.3315,3.2957
2025-02-06,5,45.131,24.913,57.371,2,0.9962,2.0912,3.9409
2025-02-07,5,42.601,25.382,57.827,4,1.2632,3.1536,4.0804
2025-02-08,5,37.391,26.038,55.392,2,0.7589,2.2336,3.7161
2025-02-09,5,38.144,25.763,59.645,1,0.747,2.164,3.4693
2025-02-10,5,44.416,25.383,56.197,6,1.6573,4.1313,3.692
2025-02-11,5,39.555,25.909,54.738,1,0.7946,1.6775,3.9133
2025-02-12,5,41.977,25.846,61.081,2,1.0575,2.301,4.3179
2025-02-13,5,40.474,25.996,57.442,2,0.9605,2.3921,3.7392
2025-02-14,5,37.894,25.803,56.087,0,0.6873,1.5946,5.1115
2025-02-15,5,36.102,26.568,58.286,1,0.9139,1.7112,4.0815
2025-02-16,5,37.56,27.417,53.768,2,1.0658,2.3063,4.8434
2025-02-17,5,46.056,26.281,53.881,6,1.4977,4.0912,4.2977
2025-02-18,5,40.705,25.911,56.531,0,0.7346,1.3524,4.9483
2025-02-19,5,50.257,25.58,53.514,6,1.6462,3.9096,4.4252
2025-02-20,5,48.592,26.2,59.68,5,1.4965,3.4948,5.0431
2025-02-21,5,46.23,26.615,57.222,4,1.2054,2.9547,4.6604
2025-02-22,5,45.051,26.657,58.887,3,1.226,2.7329,4.7923
2025-02-23,5,42.753,26.11,55.499,1,0.8634,1.8306,5.0762
2025-02-24,5,44.395,26.568,56.874,0,0.6184,1.3639,5.3837
2025-02-25,5,44.158,26.196,55.551,0,0.7509,1.0405,5.4841
2025-02-26,5,46.636,27.052,55.633,1,0.9942,1.956,5.4575
2025-02-27,5,55.19,26.074,55.532,6,1.5947,4.1232,5.3331
2025-02-28,5,44.506,27.004,56.75,0,0.6672,1.4457,5.253
2025-03-01,5,43.159,27.038,55.249,0,0.6624,1.3768,5.4206
2025-03-02,5,46.43,27.025,55.318,3,1.2132,2.6926,5.7282
2025-03-03,5,45.416,27.024,55.871,1,0.7603,1.9081,5.6434
2025-03-04,5,52.343,27.031,62.401,4,1.1745,2.96,6.0365
2025-03-05,5,45.505,27.874,59.012,0,0.7593,1.3716,5.8572
2025-03-06,5,44.709,27.767,57.221,0,0.6861,1.6972,6.0596
2025-03-07,5,49.688,27.211,56.945,6,1.6687,4.2346,6.2496
2025-03-08,5,44.225,27.187,57.143,3,1.1553,3.1518,5.7571
2025-03-09,5,42.786,27.253,56.608,3,1.3855,2.6056,6.0315
2025-03-10,5,38.979,26.951,58.087,0,0.7523,1.2006,5.8301
2025-03-11,5,41.259,27.032,59.33,1,0.7376,1.6943,6.4532
2025-03-12,5,48.038,27.434,60.349,5,1.4843,3.6186,6.5941
2025-03-13,5,44.026,27.522,55.593,2,1.0018,2.4123,6.1897
2025-03-14,5,37.925,27.465,56.203,1,0.7561,1.7188,6.303
2025-03-15,5,38.591,28.114,57.588,1,0.7974,1.7159,6.5099
2025-03-16,5,40.324,27.627,55.975,2,0.9286,2.1082,6.9959
2025-03-17,5,45.347,29.148,55.023,5,1.434,3.5171,6.8439
2025-03-18,5,42.13,28.971,58.631,1,0.9137,1.7866,6.9365
2025-03-19,5,46.323,29.122,56.917,4,1.361,3.2191,7.2788
2025-03-20,5,40.531,28.333,55.716,0,0.6398,1.1524,7.0623
2025-03-21,5,44.185,29.581,58.336,3,1.1262,2.7098,6.6267
2025-03-22,5,40.18,28.602,57.604,0,0.6511,1.3936,7.0373
2025-03-23,5,43.819,28.372,54.122,1,0.7833,1.9055,6.7632
2025-03-24,5,47.617,28.956,52.355,1,0.7252,1.954,7.0422
2025-03-25,5,49.545,28.455,53.872,1,0.6983,1.7367,6.8466
2025-03-26,5,55.033,27.969,57.843,5,1.4856,3.6451,7.4744
2025-03-27,5,55.353,28.586,59.204,6,1.6366,4.0317,6.5347
2025-03-28,5,46.49,28.455,56.143,0,0.654,1.3446,7.4006
2025-03-29,5,48.821,28.721,57.826,4,1.3337,3.1244,7.3754
2025-03-30,5,50.782,28.96,52.829,4,1.1785,3.1737,7.7677
2025-03-31,5,50.638,28.353,60.603,3,1.2123,2.6352,7.2461
2025-04-01,5,49.934,28.999,54.769,2,1.1021,2.053,7.2346
2025-04-02,5,48.621,28.387,58.159,0,0.9162,1.3301,7.3696
2025-04-03,5,50.138,28.758,55.578,2,0.8103,2.3185,7.4607
2025-04-04,5,49.454,28.658,53.339,4,1.3194,2.8863,7.2347
2025-04-05,5,44.168,29.127,57.682,1,0.8406,1.7787,7.8057
2025-04-06,5,45.674,29.205,58.91,4,1.3106,3.4003,7.3334
2025-04-07,5,42.444,29.105,52.808,0,0.7081,1.5608,7.6055
2025-04-08,5,46.684,28.829,54.483,3,1.1235,2.8212,7.6373
2025-04-09,5,51.397,29.307,58.989,6,1.6222,3.8439,7.6565
2025-04-10,5,50.66,29.692,56.008,6,1.7365,4.2097,7.9661
2025-04-11,5,46.133,29.895,55.446,4,1.3931,3.3171,8.0993
2025-04-12,5,38.119,29.043,57.018,1,0.8783,1.6423,7.8011
2025-04-13,5,37.415,29.551,55.882,0,0.6922,1.5403,7.0588
2025-04-14,5,39.501,29.226,59.508,0,0.7586,1.6527,7.7956
2025-04-15,5,43.664,28.791,55.757,2,0.9788,2.1332,7.8974
2025-04-16,5,40.192,29.457,54.626,0,0.7404,1.5171,7.4929
2025-04-17,5,46.423,30.113,53.006,3,1.3094,2.9929,7.9684
2025-04-18,5,42.735,28.973,51.085,1,0.8229,1.9773,7.7063
2025-04-19,5,44.213,29.473,56.015,4,1.2982,3.1179,7.8633
2025-04-20,5,48.624,30.448,57.057,6,1.748,3.9307,7.3737
2025-04-21,5,44.59,28.916,58.282,0,0.734,1.5091,7.4578
2025-04-22,5,47.815,29.161,55.569,3,1.1819,2.9217,7.6107
2025-04-23,5,54.657,30.203,51.664,5,1.5949,3.7369,8.0579
2025-04-24,5,54.724,29.854,54.576,6,1.6919,4.0343,8.0325
2025-04-25,5,48.498,29.168,54.693,2,1.0675,2.2951,7.9231
2025-04-26,5,49.329,28.366,55.344,3,1.1239,2.6997,7.3592
2025-04-27,5,47.188,29.002,55.326,1,0.9272,1.5838,7.7477
2025-04-28,5,46.493,28.087,58.453,0,0.6343,1.0926,7.9621
2025-04-29,5,48.832,28.346,55.453,0,0.5989,1.7504,7.5372
2025-04-30,5,52.881,28.696,55.859,3,1.1693,2.5266,8.4385
